Branch,Department,Region,Year,Quarter,Employee_Count,Client_Count,Project_Count,Monthly_Revenue,Monthly_Expenses,Profit,Client_Satisfaction,Employee_Productivity,Training_Hours,Average_Project_Duration
Mumbai,Consulting,South,2023,Q2,111,36,74,1229295,930173,299122,6.61,68.19,34,144
Ahmedabad,Technology,North,2025,Q2,269,160,40,7289994,6227514,1062480,9.16,70.43,59,102
Hyderabad,Audit,North,2024,Q1,87,107,17,3511337,2972778,538559,8.61,92.44,63,152
Mumbai,Risk Advisory,West,2024,Q3,335,59,13,884402,691109,193293,9.21,98.5,34,40
Chennai,Tax,East,2024,Q2,229,100,31,6121836,3939047,2182789,9.78,87.03,26,151
Bengaluru,Audit,East,2025,Q3,367,152,33,6242960,4142197,2100763,9.19,66.9,9,95
Chennai,Tax,West,2023,Q3,148,177,68,3818800,3282789,536011,8.75,69.86,22,78
Hyderabad,Finance,East,2025,Q3,152,45,70,4639910,2699584,1940326,6.66,68.73,25,123
Mumbai,Risk Advisory,East,2025,Q3,323,12,19,6218601,5345981,872620,9.13,91.13,48,43
Hyderabad,Risk Advisory,North,2025,Q1,409,77,69,6891802,4221422,2670380,9.69,94.6,43,178
Bengaluru,Audit,South,2023,Q1,346,92,67,663382,390833,272549,7.77,98.5,44,76
Ahmedabad,Audit,West,2022,Q4,75,146,21,1577025,1231518,345507,9.81,70.61,72,170
Chennai,Audit,North,2024,Q4,383,176,52,4175049,3610853,564196,8.08,73.43,13,101
Ahmedabad,Technology,North,2023,Q1,76,171,12,2420502,1388376,1032126,6.61,76.23,70,75
Hyderabad,Finance,East,2023,Q2,410,156,78,4465051,2835526,1629525,8.16,78.84,17,39
Chennai,Tax,East,2025,Q4,413,23,88,5920548,3460242,2460306,7.91,76.54,18,78
Bengaluru,Audit,East,2023,Q4,133,81,64,2595528,2221953,373575,6.76,92.47,75,40
Ahmedabad,Finance,West,2022,Q2,125,114,67,4537927,2835349,1702578,7.9,66.99,53,15
Chennai,Tax,East,2024,Q4,396,152,89,6526445,4701226,1825219,7.16,72.4,12,163
Ahmedabad,Finance,South,2022,Q1,339,132,69,7653132,5631895,2021237,6.7,82.27,28,32
Mumbai,Finance,North,2025,Q1,331,73,79,5487188,3094277,2392911,6.79,87.35,77,148
Pune,Tax,North,2024,Q2,175,111,21,6134545,4759948,1374597,8.1,96.59,14,17
Kolkata,Technology,West,2022,Q2,299,77,21,3427698,2942001,485697,9.58,77.56,25,127
Hyderabad,Technology,West,2024,Q1,108,77,19,7963451,4678229,3285222,8.44,74.26,31,102
Bengaluru,Finance,South,2025,Q3,66,33,86,4053211,3405799,647412,6.65,76.34,21,178
Hyderabad,Audit,East,2025,Q1,97,29,24,5076743,2856225,2220518,7.79,83.79,60,47
Ahmedabad,Tax,South,2022,Q3,147,73,90,1362295,917897,444398,8.46,94.74,24,75
Delhi,HR,North,2025,Q1,131,95,57,7229636,5671414,1558222,9.07,73.44,25,42
Chennai,HR,West,2025,Q2,142,127,49,3060126,2561899,498227,9.55,72.58,29,117
Pune,Tax,West,2024,Q3,368,140,56,6200211,5539283,660928,8.38,96.93,19,81
Delhi,Technology,South,2022,Q1,345,121,49,6611478,5456121,1155357,8.03,98.46,19,113
Bengaluru,Tax,West,2025,Q1,306,147,90,2152850,1458507,694343,6.74,87.58,47,174
Pune,Finance,West,2024,Q3,381,114,46,3875579,3077298,798281,8.44,71.52,53,59
Hyderabad,Risk Advisory,West,2024,Q3,147,120,79,5589046,4354688,1234358,8.13,80.03,32,145
Kolkata,HR,North,2022,Q3,303,179,86,5694736,3800187,1894549,9.36,90.54,44,72
Bengaluru,Audit,West,2022,Q2,283,166,14,4320307,3002848,1317459,8.7,71.61,54,141
Chennai,Audit,North,2022,Q1,438,118,33,1975444,1642460,332984,8.94,80.79,76,78
Mumbai,Risk Advisory,North,2025,Q3,426,123,83,7336770,5882225,1454545,8.27,93.24,75,129
Delhi,Finance,East,2025,Q3,424,73,86,2826256,2311975,514281,8.32,86.31,40,127
Mumbai,Finance,South,2023,Q3,211,91,74,1175934,703715,472219,7.31,88.59,32,31
Chennai,Risk Advisory,South,2025,Q4,71,62,58,3767168,3264979,502189,8.54,88.65,78,112
Kolkata,Consulting,South,2024,Q4,254,147,74,7209780,5487640,1722140,7.27,72.46,60,139
Ahmedabad,Risk Advisory,South,2025,Q2,279,42,84,4980553,2786311,2194242,7.88,84.19,8,36
Chennai,Audit,East,2023,Q1,173,107,46,2275535,1613683,661852,7.68,94.91,40,122
Hyderabad,HR,West,2025,Q1,423,148,11,3435680,2159248,1276432,6.74,97.55,10,22
Bengaluru,Audit,West,2023,Q2,104,131,90,1459568,1090865,368703,7.26,88.78,52,57
Mumbai,HR,North,2024,Q1,336,16,44,5330133,4195196,1134937,9.85,78.49,30,34
Bengaluru,Consulting,South,2022,Q1,217,146,59,6049243,4111669,1937574,8.27,76.6,58,140
Mumbai,Risk Advisory,South,2025,Q2,262,55,71,5956432,3839092,2117340,9.33,83.3,66,134
Chennai,HR,South,2024,Q2,84,81,62,2545674,2068784,476890,8.49,87.72,48,22
Kolkata,HR,South,2023,Q4,148,100,38,3354969,2173618,1181351,8.59,94.92,76,17
Bengaluru,Consulting,North,2025,Q4,324,71,65,5918226,4729519,1188707,8.07,65.59,42,71
Chennai,Finance,North,2024,Q3,282,151,72,3383646,2364919,1018727,9.11,76.25,63,84
Hyderabad,Tax,North,2022,Q2,201,40,73,6893709,5456765,1436944,7.17,90.11,40,165
Hyderabad,Consulting,North,2024,Q2,224,55,43,618685,493590,125095,6.94,66.55,11,156
Hyderabad,Finance,North,2025,Q1,46,156,41,4437586,3184189,1253397,7.69,97.83,37,137
Mumbai,HR,West,2025,Q4,77,157,85,6258368,3559529,2698839,7.02,84.14,43,36
Bengaluru,Consulting,East,2023,Q4,270,123,43,7715600,5832868,1882732,8,84.33,12,171
Mumbai,HR,North,2023,Q3,378,30,25,2512134,1534498,977636,6.76,65.09,62,167
Kolkata,Tax,West,2023,Q3,401,82,63,1097099,867349,229750,9.73,91.79,80,65
Chennai,Consulting,North,2023,Q3,112,28,12,1891861,1565363,326498,8.58,93.02,41,127
Mumbai,Risk Advisory,South,2025,Q3,296,148,68,4172187,2412169,1760018,6.64,79.69,46,169
Hyderabad,Consulting,West,2023,Q1,431,78,78,837487,684300,153187,7.11,82.64,61,86
Delhi,Technology,East,2025,Q1,280,99,57,3295993,2183168,1112825,6.87,70.47,57,141
Hyderabad,Finance,East,2022,Q4,85,90,37,3211817,1896810,1315007,9.2,94.41,5,153
Kolkata,Risk Advisory,West,2023,Q3,358,137,85,4208108,3433802,774306,7.21,83.67,41,127
Kolkata,Consulting,West,2023,Q2,199,151,6,5132620,3555862,1576758,7.29,93.61,19,133
Mumbai,Finance,North,2025,Q3,300,79,58,7502171,5393122,2109049,8.15,80.53,23,113
Bengaluru,Technology,North,2022,Q3,435,116,48,7107852,5172442,1935410,9.37,74.62,43,165
Kolkata,HR,North,2025,Q4,216,95,75,6899439,5106968,1792471,8.09,75.94,29,76
Chennai,Audit,East,2022,Q3,421,131,53,3738663,3349636,389027,9.27,87.17,24,141
Ahmedabad,Audit,South,2022,Q4,91,144,63,628744,504790,123954,7.93,87.26,24,34
Kolkata,HR,South,2024,Q4,372,30,47,7649957,6013058,1636899,8.37,97.44,67,153
Ahmedabad,Technology,West,2023,Q3,156,33,60,1325800,1082024,243776,8.96,68.42,26,91
Ahmedabad,Consulting,South,2022,Q3,223,105,60,1721127,1093723,627404,7.94,88.18,28,58
Delhi,Consulting,East,2023,Q4,338,46,34,4368405,3377941,990464,8.11,87.67,64,88
Delhi,Consulting,East,2024,Q3,367,118,37,4332216,3664432,667784,7.2,78.08,66,42
Bengaluru,Risk Advisory,South,2024,Q3,51,178,55,2802508,1549322,1253186,9.53,91.46,11,170
Kolkata,HR,South,2023,Q3,152,172,29,5708412,3640364,2068048,9.14,91.09,22,175
Mumbai,Finance,West,2024,Q4,57,158,51,6643479,3959474,2684005,9.68,76.11,58,59
Bengaluru,Audit,South,2024,Q2,171,133,42,6762593,5779575,983018,9.31,80.92,14,51
Bengaluru,HR,East,2024,Q1,444,111,6,2718439,2005665,712774,8.09,87.88,38,164
Chennai,HR,South,2022,Q2,281,16,84,7917499,6968263,949236,7.65,85.74,13,177
Kolkata,Finance,South,2025,Q1,111,21,9,3053195,2743523,309672,6.91,72.98,73,49
Chennai,Risk Advisory,South,2025,Q2,252,177,17,7493524,5404865,2088659,7.93,97.35,9,109
Bengaluru,Risk Advisory,East,2023,Q3,90,104,74,5909199,3991875,1917324,7.89,71.45,20,131
Mumbai,Finance,North,2022,Q1,442,95,36,1556326,1284657,271669,7.22,93.21,75,68
Bengaluru,HR,North,2024,Q2,443,162,5,2825949,2403306,422643,7.01,69.42,37,59
Mumbai,Finance,West,2023,Q1,223,70,80,3215991,1786558,1429433,7.43,69.31,58,149
Mumbai,Finance,West,2025,Q4,438,102,70,5480031,3223183,2256848,8.26,97.14,10,148
Hyderabad,Risk Advisory,West,2022,Q4,245,119,18,4612673,3687096,925577,8.05,95.58,46,170
Delhi,Consulting,North,2024,Q3,235,162,72,2973781,2107817,865964,8.62,68.37,19,156
Bengaluru,Risk Advisory,East,2023,Q4,213,126,56,3989574,3213060,776514,7.59,75.63,37,110
Delhi,Finance,East,2022,Q1,83,33,60,1310041,1061927,248114,7.8,69.42,12,165
Pune,Finance,West,2025,Q3,380,118,11,2912810,2214153,698657,7.73,84.65,32,54
Kolkata,Audit,West,2024,Q3,98,81,78,2397159,1995700,401459,9.46,98.13,76,21
Hyderabad,Consulting,North,2024,Q3,213,99,5,2021740,1727479,294261,8.48,78.63,23,177
Ahmedabad,Consulting,North,2025,Q4,272,97,25,3604230,2375450,1228780,7.64,97.01,15,28
Delhi,Audit,West,2022,Q3,266,179,59,4574025,3487587,1086438,7.95,72.33,70,44
Pune,Risk Advisory,West,2024,Q4,309,180,44,880988,552539,328449,9.95,66.86,31,92
Bengaluru,HR,North,2024,Q3,207,40,5,4672370,3791417,880953,7.11,77.93,34,143
Pune,Consulting,East,2022,Q4,49,127,14,7731902,5099740,2632162,8,78.75,58,89
Mumbai,Risk Advisory,West,2024,Q2,450,168,63,7479539,5919034,1560505,7.77,79.85,18,77
Chennai,Technology,East,2022,Q4,198,96,33,3293982,2709930,584052,6.77,86.53,72,145
Bengaluru,HR,South,2024,Q2,160,36,23,2647217,1638746,1008471,8.61,90.85,14,60
Kolkata,Risk Advisory,East,2024,Q3,117,122,13,4433595,3124677,1308918,7.56,74.34,12,105
Mumbai,Tax,East,2025,Q1,69,104,41,1143666,887065,256601,9.92,68.07,69,113
Kolkata,Technology,West,2025,Q2,204,164,65,4705773,2836646,1869127,6.72,68.52,48,36
Delhi,Consulting,North,2025,Q4,308,143,83,1831659,1240700,590959,9.71,78.17,48,168
Ahmedabad,HR,South,2022,Q3,88,152,54,2883597,1840307,1043290,9.48,97.79,24,100
Mumbai,Technology,North,2024,Q3,375,179,55,1581724,1199365,382359,9.78,75.53,53,179
Pune,HR,North,2022,Q4,300,102,7,3541689,2330796,1210893,9.83,76.62,67,64
Bengaluru,Audit,North,2022,Q3,443,35,69,6966565,5147732,1818833,9.09,82.9,48,173
Delhi,Technology,East,2023,Q2,132,169,26,6549721,4605670,1944051,7.94,88,35,128
Hyderabad,HR,East,2023,Q2,198,130,29,3585673,2823385,762288,8.5,79.98,41,112
Chennai,Audit,North,2023,Q3,66,174,66,7832624,5325590,2507034,9.77,89.19,71,46
Hyderabad,Consulting,North,2024,Q4,302,47,60,1269349,1118607,150742,7.28,80.34,49,21
Chennai,Consulting,East,2024,Q2,237,30,52,2383567,1334477,1049090,9.76,93.53,47,52
Delhi,Consulting,South,2025,Q2,428,130,62,5661915,3124459,2537456,6.78,73.7,24,155
Chennai,Consulting,South,2023,Q3,102,22,35,4021751,3111359,910392,8.68,67.14,68,167
Ahmedabad,Finance,North,2023,Q3,259,10,83,3459635,2194091,1265544,7.96,87.59,15,149
Pune,Consulting,West,2025,Q4,62,172,54,3631487,2319712,1311775,6.56,91.81,49,76
Mumbai,HR,South,2023,Q1,220,149,48,7324206,5676101,1648105,9.41,88.28,66,176
Delhi,HR,North,2022,Q4,58,85,30,867473,717303,150170,9.6,75.73,44,146
Chennai,HR,East,2024,Q1,425,175,29,2900072,1957377,942695,9.23,94.44,47,84
Mumbai,HR,South,2025,Q4,420,122,54,3344045,2978886,365159,8.24,81.92,71,83
Mumbai,Finance,East,2022,Q4,348,56,74,2964291,1963617,1000674,6.78,87.47,44,129
Chennai,Audit,East,2024,Q4,61,100,83,4148545,2680351,1468194,9.93,97.23,14,178
Chennai,Tax,North,2022,Q2,351,122,9,1558894,894075,664819,9.22,77.46,54,160
Ahmedabad,Technology,North,2025,Q3,230,123,14,5314404,3179040,2135364,7.78,75.69,40,78
Mumbai,Consulting,North,2025,Q4,327,40,38,7000873,4488269,2512604,8.06,98.88,41,140
Bengaluru,Consulting,North,2022,Q4,128,123,16,7299077,5756601,1542476,9.46,75.87,49,31
Hyderabad,Tax,North,2023,Q3,300,67,20,2185945,1808263,377682,7.33,81.8,51,156
Pune,Risk Advisory,North,2022,Q1,198,111,66,4909854,3406350,1503504,7.93,84.55,21,96
Mumbai,Risk Advisory,East,2024,Q2,439,151,86,5430706,3332754,2097952,9.88,79.71,12,46
Delhi,Tax,North,2023,Q3,403,67,49,4852830,4189079,663751,9.46,73.52,75,85
Delhi,Finance,South,2022,Q2,343,158,24,1936134,1511261,424873,9.02,85.57,77,25
Ahmedabad,Consulting,West,2024,Q2,432,156,58,5685069,4398236,1286833,8.24,86.32,42,179
Hyderabad,Risk Advisory,North,2025,Q3,272,28,12,1826074,1285303,540771,8.19,71.94,23,95
Pune,Finance,South,2025,Q2,429,104,70,5211471,3059990,2151481,7.35,69.17,62,78
Delhi,Consulting,West,2024,Q4,355,117,36,7758725,6717572,1041153,9.35,96.75,45,63
Delhi,Risk Advisory,East,2025,Q3,294,15,16,3798754,2761335,1037419,9.88,72.31,50,27
Ahmedabad,Tax,East,2025,Q3,314,12,18,4114884,2456080,1658804,7.43,77.44,56,108
Ahmedabad,Risk Advisory,West,2023,Q3,323,83,14,3740928,2717744,1023184,9.18,74.51,20,47
Mumbai,Risk Advisory,South,2024,Q3,426,46,30,5553825,4044255,1509570,8.25,66.54,22,100
Kolkata,Technology,East,2023,Q2,207,166,45,1863165,1280989,582176,8.66,93.65,80,101
Kolkata,Finance,South,2025,Q1,228,94,19,3994193,3012802,981391,9.29,89.66,8,167
Kolkata,Tax,North,2022,Q4,127,144,85,6549720,5023029,1526691,9.44,70.02,36,23
Mumbai,Audit,West,2025,Q3,254,48,57,6292336,3909819,2382517,8.26,85.79,65,30
Delhi,Technology,North,2024,Q4,309,106,45,1952759,1388181,564578,8.37,83.57,38,171
Kolkata,Audit,North,2024,Q3,155,86,41,6413137,3992480,2420657,8.97,75.78,49,158
Hyderabad,Tax,West,2025,Q4,216,47,42,852879,554943,297936,9,76.78,61,80
Kolkata,Audit,North,2024,Q3,110,37,83,6715043,5072480,1642563,7.35,87.77,72,72
Bengaluru,Consulting,West,2025,Q3,407,130,17,6214252,5094245,1120007,6.52,83.71,25,119
Kolkata,Risk Advisory,North,2024,Q3,186,175,12,6948532,4039259,2909273,8.51,83.2,9,59
Chennai,HR,North,2022,Q4,443,136,28,6783094,6014881,768213,9.74,94.81,6,91
Mumbai,Tax,South,2025,Q4,108,139,64,2788723,1721991,1066732,6.89,70.52,63,180
Hyderabad,Finance,North,2022,Q3,444,85,77,6157286,5018489,1138797,7.11,94.11,56,124
Pune,Consulting,East,2022,Q2,111,132,46,2580769,1425592,1155177,7.84,80.19,39,99
Hyderabad,Technology,West,2024,Q3,394,70,12,6101795,3608471,2493324,7.57,78.78,69,94
Mumbai,Finance,South,2024,Q2,152,44,66,1785013,1266007,519006,9.96,77.7,75,135
Bengaluru,HR,North,2022,Q4,310,102,14,5232590,3083424,2149166,9.4,95.7,30,161
Delhi,Audit,South,2025,Q1,388,62,79,4600586,2676756,1923830,8.29,92.5,63,48
Chennai,Risk Advisory,West,2025,Q3,410,15,55,2634541,2201840,432701,9.11,84.66,10,123
Pune,Finance,West,2022,Q1,281,18,41,3929824,2408956,1520868,6.97,86.81,58,110
Chennai,Risk Advisory,East,2025,Q1,389,179,74,1615599,1258126,357473,7.72,71.07,73,115
Delhi,Finance,North,2022,Q1,192,128,74,4057843,2987289,1070554,9.38,73.42,49,54
Hyderabad,Audit,West,2022,Q4,354,14,35,2228737,1278296,950441,8.58,80.18,11,77
Ahmedabad,Risk Advisory,East,2023,Q2,426,24,22,4726984,4243504,483480,7.32,96.16,78,96
Pune,Audit,South,2023,Q2,251,86,40,1011349,753304,258045,8.57,90,27,175
Chennai,Technology,East,2022,Q3,369,107,72,3173738,2519021,654717,7.93,75.2,28,152
Kolkata,Audit,North,2024,Q2,277,24,76,3961789,3520941,440848,8.45,69.56,36,80
Bengaluru,Tax,West,2025,Q3,87,147,29,932320,600378,331942,8.86,85.5,14,63
Bengaluru,Risk Advisory,North,2024,Q3,47,64,29,6719944,3971894,2748050,10,81.28,36,169
Bengaluru,Risk Advisory,North,2024,Q3,234,129,73,5941869,4015163,1926706,7.42,82.44,68,134
Mumbai,HR,East,2024,Q2,229,90,57,883488,659862,223626,7.27,69.96,38,156
Chennai,Tax,North,2023,Q3,157,107,77,7490753,4764160,2726593,8.43,97.08,48,80
Kolkata,Finance,East,2025,Q2,415,100,26,1674057,1342777,331280,8.21,96.17,74,179
Ahmedabad,Technology,West,2022,Q1,431,11,57,1653362,1396910,256452,7.31,89.04,6,70
Kolkata,Tax,West,2025,Q4,48,11,73,5127521,3558337,1569184,6.56,89.55,73,88
Ahmedabad,Technology,East,2023,Q1,89,144,24,2521393,1556143,965250,8.34,92.72,39,116
Mumbai,Tax,East,2025,Q2,396,67,43,6238157,5238939,999218,6.78,98.72,9,38
Chennai,Risk Advisory,East,2025,Q1,366,12,26,1193621,865316,328305,8.02,91.67,77,39
Ahmedabad,Audit,North,2025,Q3,63,29,40,5055271,3777442,1277829,6.62,96.58,45,19
Bengaluru,Technology,North,2025,Q1,193,51,77,2517226,1883749,633477,9.47,88.02,74,99
Chennai,HR,North,2022,Q3,67,35,60,2447365,2064440,382925,7.69,91.15,55,98
Ahmedabad,Finance,South,2025,Q4,156,101,75,3649309,2558701,1090608,8.88,87.46,15,173
Hyderabad,HR,North,2022,Q1,177,49,53,6469980,5333603,1136377,7.04,78.25,51,42
Mumbai,Consulting,South,2025,Q3,429,79,18,1611549,935591,675958,8.01,83.94,70,119
Mumbai,Consulting,West,2024,Q1,345,163,46,7745393,5304302,2441091,7.52,78.19,15,158
Bengaluru,Technology,North,2025,Q2,111,78,43,2751559,1988258,763301,6.72,79.78,58,91
Kolkata,HR,West,2024,Q3,166,170,68,5481209,4197696,1283513,8.1,69.61,5,116
Pune,HR,East,2024,Q4,211,120,88,5486129,3278749,2207380,7.62,97.21,30,137
Pune,Audit,East,2024,Q3,416,172,67,5330825,4390952,939873,7.64,74.53,55,108
Mumbai,Technology,North,2023,Q1,412,128,31,4178026,3464377,713649,9.41,67.35,57,142
Delhi,Finance,South,2023,Q3,377,49,59,7119255,4854953,2264302,8.07,85.33,79,117
Chennai,Technology,West,2024,Q1,95,73,89,6075856,4096664,1979192,8.76,66.51,56,99
Chennai,Consulting,West,2022,Q3,153,140,71,5180788,3902073,1278715,8.51,80.16,55,133
Delhi,Tax,West,2025,Q1,191,116,15,1473660,1239290,234370,9.06,76.84,48,131
Bengaluru,Technology,East,2024,Q4,89,122,62,3175206,1821015,1354191,6.66,89.17,7,102
Mumbai,Finance,North,2023,Q2,322,50,47,5196353,3633442,1562911,8.12,92.12,28,62
Chennai,Risk Advisory,West,2023,Q4,343,119,54,537329,428067,109262,7.22,90.58,13,162
Mumbai,HR,North,2024,Q3,140,127,19,2700779,2119424,581355,8.21,97.84,45,167
Chennai,Technology,East,2022,Q3,220,127,84,1947265,1625593,321672,8.97,75.11,80,36
Delhi,Tax,West,2023,Q3,99,56,52,6316967,3786866,2530101,7.86,85.28,78,113
Chennai,Audit,East,2023,Q2,290,83,22,2069496,1366080,703416,8.08,66.82,50,17
Kolkata,Audit,North,2025,Q4,249,135,58,6457105,5449552,1007553,8.21,67.81,8,71
Hyderabad,Consulting,South,2023,Q3,126,127,77,6728694,5520164,1208530,8.23,82.37,78,44
Hyderabad,HR,South,2022,Q4,319,65,59,1359131,1097628,261503,8.79,73.42,9,130
Hyderabad,Tax,West,2025,Q1,437,70,31,7300667,5900140,1400527,8.91,94.28,59,57
Delhi,HR,North,2023,Q1,331,99,73,2857912,2168869,689043,7.09,98.29,42,89
Hyderabad,HR,West,2023,Q4,70,80,88,1564415,1244491,319924,6.96,69.97,46,78
Chennai,Risk Advisory,North,2024,Q4,232,125,14,5815254,4815667,999587,9.19,78.7,40,109
Kolkata,Risk Advisory,South,2022,Q1,414,127,86,6071242,4820876,1250366,9.48,92.05,55,70
Chennai,HR,North,2025,Q3,205,82,48,5091173,3829971,1261202,8.48,81.5,48,27
Ahmedabad,Consulting,East,2022,Q1,120,122,63,505670,453658,52012,8,98.85,21,92
Delhi,HR,South,2022,Q3,168,31,52,6074303,5262351,811952,7.08,78.48,44,74
Chennai,Finance,West,2022,Q1,149,132,14,1613166,1222437,390729,8.32,80.13,6,102
Mumbai,HR,East,2023,Q4,76,68,54,1249363,1006695,242668,6.86,75.65,43,50
Chennai,HR,North,2023,Q1,311,154,6,5619728,4369378,1250350,8.04,89.56,24,120
Kolkata,HR,North,2022,Q1,111,41,80,6623760,4533375,2090385,9.87,75.69,22,78
Hyderabad,Finance,West,2023,Q3,438,16,89,7846970,5144295,2702675,8.31,82.32,55,90
Ahmedabad,HR,North,2025,Q4,97,71,68,5852622,4435558,1417064,8.35,98.24,51,96
Delhi,Risk Advisory,East,2024,Q2,430,130,14,640000,483569,156431,6.55,72.34,12,116
Hyderabad,Finance,East,2025,Q4,82,173,73,5010180,3835876,1174304,7.47,75.54,70,67
Delhi,Technology,South,2025,Q1,198,121,35,985750,626511,359239,9.74,68.94,12,94
Delhi,Consulting,West,2023,Q1,123,137,49,4887286,3572742,1314544,9.38,73.81,52,47
Hyderabad,Finance,West,2022,Q3,259,79,72,1035797,665015,370782,9.91,86.34,68,131
Pune,Consulting,East,2023,Q3,120,75,18,5314325,4176752,1137573,6.9,90.19,5,26
Ahmedabad,Audit,West,2025,Q3,236,48,27,7693107,4326428,3366679,9.31,89.28,58,72
Pune,Audit,East,2024,Q3,79,156,52,1501607,1089737,411870,9.66,71.1,71,26
Chennai,Consulting,East,2024,Q3,207,32,75,4331464,2394386,1937078,7.2,84.17,43,174
Bengaluru,Risk Advisory,South,2025,Q2,415,149,36,1763042,973608,789434,7.94,72.92,49,177
Ahmedabad,Tax,West,2025,Q3,93,62,72,2497894,1740871,757023,9.86,98.07,23,86
Mumbai,Consulting,North,2025,Q3,274,31,79,1301758,946247,355511,8.73,78.41,80,160
Ahmedabad,Risk Advisory,North,2023,Q3,173,90,55,6378112,5365044,1013068,7.64,80.39,34,34
Bengaluru,Audit,West,2023,Q1,124,125,64,3134302,2169812,964490,8.38,97.8,31,130
Hyderabad,Risk Advisory,South,2022,Q1,120,87,82,838310,524159,314151,9.5,70.04,36,106
Chennai,Technology,West,2024,Q3,129,17,56,7668915,5431665,2237250,9.12,73.49,64,41
Delhi,Consulting,West,2022,Q2,106,60,56,3622573,2862556,760017,9.78,67.86,80,81
Mumbai,Consulting,West,2023,Q4,105,33,47,1527836,863141,664695,8.11,70.71,78,125
Chennai,Risk Advisory,West,2025,Q4,128,100,32,2069937,1337683,732254,8.06,70.05,36,180
Hyderabad,Risk Advisory,East,2025,Q1,84,81,54,1651219,1150457,500762,8.75,92.1,36,176
Ahmedabad,Risk Advisory,South,2025,Q4,216,154,69,3197813,2193486,1004327,7.13,75.84,33,22
Hyderabad,Consulting,East,2024,Q2,121,35,36,6010178,3812877,2197301,8.37,91.9,12,71
Chennai,Tax,North,2023,Q2,343,91,50,5462385,3058238,2404147,8.95,97.22,77,51
Bengaluru,HR,East,2024,Q2,291,19,16,971171,613215,357956,7.27,82.9,5,99
Bengaluru,HR,North,2024,Q2,450,92,12,683818,411452,272366,8.97,69.82,19,149
Pune,Consulting,South,2025,Q1,212,87,46,1644639,1466279,178360,9.06,79.85,67,96
Delhi,Finance,South,2023,Q2,233,88,42,1568275,960094,608181,6.51,88.87,78,115
Ahmedabad,Audit,South,2023,Q1,294,46,47,6752393,3897699,2854694,7.71,75.86,16,178
Pune,Risk Advisory,West,2024,Q2,167,27,49,2653002,2189939,463063,9.02,66.64,61,122
Delhi,Risk Advisory,East,2025,Q3,319,106,17,7452536,5349588,2102948,9.52,87.13,33,56
Kolkata,Consulting,West,2024,Q1,203,76,18,1122438,751621,370817,9.61,70.47,14,155
Mumbai,Tax,East,2022,Q4,374,52,82,7963791,5590343,2373448,6.69,76.26,29,119
Hyderabad,Finance,South,2024,Q2,89,22,55,5296352,3931915,1364437,8.22,66.85,5,124
Mumbai,Tax,East,2023,Q1,53,62,26,5853531,3817286,2036245,6.79,93.69,44,116
Kolkata,Risk Advisory,South,2022,Q4,134,104,53,3598765,2214334,1384431,6.66,79.95,38,72
Hyderabad,Technology,West,2023,Q1,83,98,74,3972771,3534760,438011,8.56,83.82,54,148
Chennai,Technology,East,2023,Q4,193,30,55,7663366,6130746,1532620,8.26,95.62,78,173
Delhi,Consulting,East,2023,Q2,148,59,21,857991,599033,258958,9.96,79.8,23,167
Hyderabad,Tax,West,2022,Q4,324,111,75,3235749,2749799,485950,8.32,96.18,6,174
Chennai,Consulting,East,2023,Q2,330,160,79,6861730,6091096,770634,6.85,68.59,17,88
Pune,Risk Advisory,South,2025,Q4,332,165,65,814284,496933,317351,7.91,86.02,56,24
Chennai,Tax,North,2022,Q4,177,105,7,3334226,2787696,546530,7.56,74.53,67,40
Bengaluru,Audit,South,2025,Q3,177,116,82,5915306,3438273,2477033,8.05,96.06,57,139
Pune,HR,West,2023,Q1,199,139,56,1637913,1348298,289615,8.34,84.33,27,64
Bengaluru,HR,West,2023,Q1,273,22,51,6410897,3972758,2438139,7.79,80.78,55,177
Mumbai,Finance,West,2023,Q3,290,162,62,1989679,1763217,226462,8.16,83.75,49,56
Hyderabad,Finance,West,2024,Q1,237,22,25,7662372,5749003,1913369,9.88,94.14,33,67
Hyderabad,Finance,East,2022,Q1,282,43,87,1952912,1484993,467919,6.53,73.58,44,179
Hyderabad,Risk Advisory,East,2024,Q4,169,65,64,3034576,2388267,646309,9.39,78.5,18,16
Pune,Technology,South,2024,Q1,286,26,48,2819309,2182732,636577,9.52,73.88,43,63
Delhi,Technology,North,2022,Q4,378,91,22,6550562,3661170,2889392,8.24,75.05,58,118
Chennai,Finance,West,2023,Q3,411,66,73,5854562,4828339,1026223,9.67,87.84,69,91
Delhi,HR,North,2024,Q1,281,42,38,6583306,5483369,1099937,9.17,71.22,47,37
Bengaluru,Tax,North,2024,Q4,443,94,52,2685729,2027590,658139,8.12,69,11,177
Mumbai,Risk Advisory,North,2022,Q4,311,86,57,953504,815052,138452,7.03,98.74,48,119
Kolkata,Audit,South,2023,Q1,289,95,85,1983309,1308378,674931,6.7,80.37,31,58
Delhi,Risk Advisory,West,2023,Q4,364,119,56,4098926,3639291,459635,7.84,66.28,30,110
Ahmedabad,Tax,North,2022,Q1,360,73,33,6317707,5413926,903781,7.59,68.49,69,165
Hyderabad,Audit,West,2022,Q3,188,126,71,5502713,4035916,1466797,8.02,88.35,22,102
Kolkata,Tax,North,2023,Q4,49,68,33,6599934,5905012,694922,7.24,65.75,69,58
Mumbai,Tax,West,2025,Q3,434,146,84,907576,687827,219749,6.67,68.68,7,27
Mumbai,Risk Advisory,East,2025,Q1,320,74,65,6387697,3855578,2532119,8.93,86.43,43,122
Mumbai,Finance,South,2023,Q4,93,140,84,1487629,965392,522237,9.25,81.92,30,82
Bengaluru,Tax,East,2024,Q2,60,150,68,2242263,1773341,468922,8.18,72.97,6,37
Mumbai,HR,East,2023,Q1,439,140,14,6569691,5277115,1292576,9.67,86.91,63,90
Hyderabad,Risk Advisory,West,2022,Q2,60,84,51,7224275,5684552,1539723,7.99,68.94,10,17
Delhi,Finance,North,2024,Q3,264,169,39,7869186,6347079,1522107,7.8,76.65,19,117
Chennai,Risk Advisory,South,2025,Q4,449,117,88,7933345,6576095,1357250,6.9,88.67,12,55
Mumbai,Risk Advisory,East,2025,Q2,352,107,50,5628446,3152412,2476034,8.9,93.51,21,138
Kolkata,Consulting,East,2025,Q1,72,76,88,3136018,1738376,1397642,9.54,82.84,78,159
Bengaluru,Finance,South,2022,Q4,378,73,66,3400356,2660094,740262,8.74,70.05,76,171
Ahmedabad,Consulting,North,2025,Q4,124,29,67,3189671,2023247,1166424,9.9,66.71,33,155
Chennai,Risk Advisory,North,2022,Q4,267,156,62,1238364,1052369,185995,8.06,69.04,68,19
Mumbai,Risk Advisory,East,2022,Q1,86,164,84,5848057,3839888,2008169,8.28,72.03,63,102
Pune,HR,West,2023,Q4,209,153,84,5532755,3959221,1573534,8.8,89.34,19,39
Bengaluru,Consulting,South,2024,Q3,320,143,52,6389608,3752059,2637549,9.64,81.74,57,42
Hyderabad,Technology,North,2023,Q1,241,65,63,7416861,6107763,1309098,9.01,68.66,58,26
Mumbai,HR,East,2025,Q2,295,11,72,6675810,3785184,2890626,9.77,93.52,66,145
Delhi,Finance,North,2023,Q1,238,178,81,5584845,4797066,787779,8.26,78.08,36,85
Chennai,Tax,South,2025,Q2,110,115,82,6372145,5481656,890489,8.29,93.66,75,95
Bengaluru,Audit,North,2024,Q3,384,43,88,1991601,1446624,544977,8.93,75.96,19,105
Kolkata,Technology,East,2024,Q4,46,143,18,711998,486511,225487,6.69,66.92,39,56
Hyderabad,Finance,South,2023,Q1,393,85,31,6821604,5043963,1777641,7.76,80.39,76,72
Chennai,Audit,South,2022,Q4,238,116,45,5131556,2918986,2212570,9.1,71.9,61,72
Pune,HR,North,2023,Q3,269,55,14,2068473,1834459,234014,9.07,69.06,10,124
Hyderabad,Technology,South,2023,Q2,339,75,5,3272961,2334328,938633,9.78,66.36,46,167
Ahmedabad,HR,South,2025,Q3,77,91,72,2345175,2075352,269823,8.32,91.73,25,121
Chennai,Consulting,South,2023,Q2,379,94,47,3526591,2301985,1224606,9.83,86.02,65,158
Ahmedabad,Consulting,South,2025,Q2,368,167,84,2545370,2254215,291155,8.89,75.91,19,113
Hyderabad,Technology,South,2022,Q3,303,140,62,4583613,2591336,1992277,9.64,71.55,70,36
Mumbai,Audit,West,2022,Q2,383,171,32,7755733,6126190,1629543,9.42,71.99,60,180
Mumbai,Finance,North,2022,Q4,407,94,9,1234178,710438,523740,7.12,73.56,14,162
Bengaluru,Tax,East,2025,Q4,362,113,60,3154191,1753452,1400739,8.86,83.18,13,164
Ahmedabad,Finance,West,2024,Q1,188,87,82,1225658,794877,430781,9.74,77.97,8,136
Delhi,Technology,North,2023,Q4,447,149,42,5818760,3493737,2325023,8.87,96.08,52,17
Delhi,Consulting,West,2022,Q4,315,150,15,3055934,1905431,1150503,9.1,89.68,32,120
Delhi,Audit,North,2023,Q3,139,39,28,6128570,5085983,1042587,9.48,93.95,75,133
Mumbai,Tax,West,2024,Q1,141,158,67,3275378,2210874,1064504,8.85,72.97,41,173
Mumbai,Audit,South,2025,Q4,208,167,89,3064191,2429015,635176,7.03,84.27,45,124
Delhi,Consulting,South,2023,Q2,404,174,60,2820958,2380997,439961,6.97,89.92,66,133
Kolkata,Tax,South,2025,Q1,129,175,82,1187645,1003117,184528,9.51,69.76,73,65
Hyderabad,Finance,West,2022,Q1,299,171,8,7316938,5514495,1802443,7.92,85.06,9,156
Hyderabad,Technology,East,2023,Q3,240,67,80,6650752,5653188,997564,6.97,82.04,16,116
Pune,Technology,West,2023,Q2,427,141,22,4243168,2570205,1672963,8.48,84.24,23,138
Pune,Consulting,North,2025,Q2,72,77,52,2463090,1391603,1071487,7.22,95.86,51,114
Kolkata,Risk Advisory,West,2022,Q3,92,143,86,7459584,4816827,2642757,9.1,84.67,77,59
Chennai,Finance,East,2024,Q1,304,74,53,2369814,1731694,638120,7.74,94.5,67,138
Ahmedabad,Technology,North,2025,Q2,157,29,70,5897876,3823494,2074382,7.03,70.35,20,73
Chennai,HR,South,2022,Q4,385,132,66,2267512,1716000,551512,8.77,78.97,36,26
Delhi,Technology,North,2023,Q1,333,47,12,1895372,1213778,681594,7.13,97.58,77,178
Ahmedabad,Finance,South,2022,Q2,269,165,65,7775459,5587319,2188140,7.27,78.97,23,164
Delhi,Technology,South,2023,Q3,272,162,80,1077496,679291,398205,7.85,68.69,30,148
Chennai,HR,North,2022,Q2,283,167,81,827462,709311,118151,8.36,90.58,16,138
Delhi,Technology,West,2025,Q4,229,21,72,4098345,2583269,1515076,9.31,91.84,53,104
Mumbai,Risk Advisory,North,2024,Q4,432,69,15,2876213,2184202,692011,8.4,73.77,5,16
Mumbai,Technology,West,2025,Q2,392,90,57,3538939,2078433,1460506,7.99,84.9,38,152
Chennai,Technology,South,2024,Q4,426,62,57,5131391,4229938,901453,8.19,77.59,76,138
Hyderabad,Tax,South,2025,Q2,377,40,34,4246309,3499333,746976,9.82,68.41,70,117
Pune,HR,West,2023,Q4,365,11,16,7405967,4449986,2955981,9.74,79.8,13,82
Bengaluru,Tax,West,2022,Q4,245,167,88,4870511,3167119,1703392,9.87,66.95,27,178
Kolkata,Risk Advisory,West,2023,Q3,139,18,81,4782785,3493990,1288795,7.31,70.76,9,107
Bengaluru,Finance,West,2023,Q1,181,112,50,6117532,4210697,1906835,8.55,82.6,13,38
Hyderabad,Finance,South,2024,Q3,155,165,29,4314795,3777170,537625,8.51,73.88,57,144
Mumbai,Technology,West,2024,Q3,99,141,37,7849368,5794922,2054446,9.28,73.5,61,111
Kolkata,HR,North,2024,Q4,388,127,80,7731175,4326154,3405021,6.91,67.3,33,73
Pune,Risk Advisory,South,2022,Q3,167,83,16,3846472,3022535,823937,9.37,67.58,27,136
Pune,Tax,North,2024,Q2,422,58,68,6683345,4142893,2540452,9.07,94.67,31,73
Bengaluru,HR,North,2024,Q2,438,37,20,1158401,911122,247279,8.82,85.87,74,25
Kolkata,Tax,South,2025,Q3,291,56,70,2851046,1965105,885941,9.13,69.36,72,123
Kolkata,Technology,West,2024,Q4,391,54,63,1509721,1199300,310421,8.11,88.43,6,68
Chennai,Technology,West,2024,Q3,353,76,28,5101683,3275266,1826417,7.44,97.59,48,108
Delhi,Risk Advisory,East,2023,Q4,398,105,51,7666606,5291548,2375058,8.08,84.43,78,73
Mumbai,Finance,South,2023,Q4,235,60,23,7211200,6386972,824228,7.02,92.39,27,122
Kolkata,Audit,South,2025,Q3,168,153,77,900214,620644,279570,8.92,67.04,37,136
Mumbai,Risk Advisory,South,2024,Q3,224,153,76,7294905,4670199,2624706,6.57,69.12,30,162
Delhi,HR,South,2024,Q3,384,140,67,6999026,5653702,1345324,9.61,77.96,41,133
Delhi,HR,North,2024,Q4,363,166,78,3895479,3299919,595560,6.75,70.51,34,95
Pune,Finance,South,2024,Q4,178,123,51,6773802,5117078,1656724,9.88,79.08,28,20
Delhi,Finance,North,2024,Q1,147,52,55,1364104,795878,568226,9.78,81.09,11,21
Chennai,Technology,West,2022,Q3,356,49,15,5993134,5250323,742811,7.86,72.8,41,128
Delhi,Audit,North,2022,Q1,379,101,46,7749780,5553912,2195868,9.91,83.38,39,155
Kolkata,Audit,North,2025,Q4,308,173,86,4977705,3277228,1700477,7.72,83.35,16,128
Hyderabad,Tax,East,2024,Q2,195,12,5,4889894,4084933,804961,9.47,76.69,65,151
Ahmedabad,Finance,East,2025,Q3,44,120,42,5508030,3475155,2032875,6.53,77.7,57,158
Chennai,Risk Advisory,North,2023,Q4,233,66,38,1164459,812540,351919,7.34,90.99,39,87
Hyderabad,Risk Advisory,North,2022,Q2,109,84,19,5842643,4144595,1698048,8.08,88.82,67,63
Pune,Consulting,North,2022,Q1,135,36,41,2758172,1637702,1120470,8.03,65.28,16,53
Ahmedabad,Risk Advisory,North,2024,Q4,199,137,52,4389667,3485075,904592,6.61,67.73,23,29
Hyderabad,HR,East,2022,Q4,132,59,37,7355595,5027932,2327663,6.54,98.14,36,113
Kolkata,Audit,West,2023,Q4,416,34,71,6086879,5440090,646789,8.15,88.17,44,97
Delhi,Finance,West,2022,Q3,286,173,43,2167014,1465225,701789,6.68,87.67,19,75
Chennai,Tax,West,2023,Q3,339,40,55,7119817,4521662,2598155,9.89,84.76,65,167
Delhi,Tax,West,2023,Q2,295,33,84,3338890,2924190,414700,9.99,86.25,12,106
Delhi,Finance,West,2023,Q4,159,91,76,7114936,5518530,1596406,7.72,95.32,29,20
Chennai,Tax,North,2024,Q1,288,122,76,2972245,2199333,772912,8.22,84.27,74,104
Pune,Finance,East,2024,Q2,75,145,24,4269707,2790191,1479516,7.42,77.48,5,178
Chennai,Finance,North,2022,Q3,437,168,35,3190177,2559642,630535,8.8,83.32,54,63
Kolkata,HR,North,2024,Q3,249,174,46,1426640,832715,593925,8.81,66.49,21,60
Ahmedabad,Audit,West,2025,Q2,90,18,78,5883403,4957972,925431,8.8,82.88,80,80
Ahmedabad,Tax,North,2022,Q1,146,177,67,7963909,6699456,1264453,8.14,86.72,51,157
Chennai,HR,South,2022,Q3,310,20,14,7499928,4922702,2577226,9.81,97.66,17,40
Bengaluru,Technology,East,2023,Q2,309,178,36,5281738,4060936,1220802,7.13,90.47,58,42
Pune,Finance,East,2025,Q1,125,56,75,3868505,2811020,1057485,8.8,83.15,61,105
Pune,Technology,South,2024,Q4,431,172,60,7430290,5974352,1455938,8.63,84.15,32,111
Hyderabad,Tax,East,2025,Q4,40,18,41,5497620,3055059,2442561,6.97,95.27,5,91
Bengaluru,Audit,South,2022,Q3,323,140,76,5287111,4621320,665791,7.04,66.28,50,54
Delhi,Tax,South,2023,Q2,171,86,16,5285593,3646685,1638908,9.71,89.97,46,138
Delhi,Risk Advisory,West,2024,Q1,414,157,53,1158316,953343,204973,9.73,76.37,60,121
Mumbai,HR,North,2022,Q4,67,88,72,845461,559492,285969,8.48,76.11,33,54
Ahmedabad,Finance,East,2025,Q1,153,120,42,7096535,4882507,2214028,6.96,67.81,78,27
Chennai,Tax,West,2025,Q4,436,43,22,4534270,3381448,1152822,8.21,87.18,30,158
Bengaluru,Audit,West,2024,Q4,205,157,16,1443968,1133676,310292,7.98,76.84,46,103
Ahmedabad,HR,South,2023,Q3,355,123,84,1723214,1213422,509792,9.73,72.94,52,54
Mumbai,Consulting,West,2023,Q2,187,13,48,6319976,5255049,1064927,7.57,81.02,47,68
Bengaluru,Audit,South,2025,Q2,395,14,53,5390599,4674264,716335,8.34,73.69,12,87
Bengaluru,HR,South,2022,Q4,375,12,13,3760191,2937199,822992,8.82,96.04,51,42
Ahmedabad,Tax,East,2023,Q4,300,35,45,4565640,3896182,669458,8.36,71.34,69,132
Ahmedabad,Consulting,North,2024,Q3,290,110,25,654117,439156,214961,7.73,86.26,35,143
Hyderabad,HR,West,2024,Q4,55,152,40,2392324,1442805,949519,9.64,87.34,16,112
Bengaluru,Risk Advisory,North,2023,Q4,199,164,47,4267904,3157317,1110587,7.22,69.71,74,66
Delhi,Tax,North,2025,Q2,375,154,25,3163351,1814924,1348427,8.37,89.46,28,96
Delhi,Finance,West,2024,Q4,250,87,61,6754627,5922585,832042,9.63,96.73,40,53
Bengaluru,Consulting,North,2023,Q1,430,166,83,2738605,2086711,651894,8.64,85.28,34,21
Pune,Consulting,East,2023,Q4,404,176,52,2043306,1733224,310082,8.22,69.68,29,72
Ahmedabad,Risk Advisory,West,2024,Q4,153,61,31,1054791,645508,409283,9.84,79.94,67,98
Kolkata,Audit,East,2025,Q1,351,107,45,3806375,2908172,898203,9.1,85.19,72,179
Ahmedabad,Technology,West,2025,Q4,61,72,71,5011973,3450562,1561411,9.07,83.96,71,176
Ahmedabad,Audit,South,2025,Q4,195,83,64,1896590,1323557,573033,8.65,66.85,71,51
Kolkata,HR,East,2022,Q1,132,159,74,1635034,1124205,510829,7.63,65.85,63,166
Bengaluru,Risk Advisory,West,2024,Q3,394,176,25,6526163,5264275,1261888,6.82,89.01,51,36
Chennai,Finance,North,2025,Q4,62,53,47,5243687,4483126,760561,9.52,70.51,23,60
Ahmedabad,Risk Advisory,South,2024,Q4,187,170,28,1486114,1284730,201384,9.86,65.12,37,18
Kolkata,Risk Advisory,East,2022,Q4,161,65,80,6032040,4321951,1710089,7.94,67.7,5,77
Hyderabad,Technology,North,2022,Q2,115,24,88,3427790,1929339,1498451,9.49,87.68,43,99
Mumbai,Consulting,West,2025,Q2,122,82,83,6044237,4787215,1257022,8.58,91.77,27,131
Pune,Consulting,West,2024,Q3,228,107,13,6862272,4800593,2061679,8.43,74.96,22,46
Hyderabad,Tax,East,2023,Q2,353,24,18,5292974,4262987,1029987,8.7,98.56,66,169
Hyderabad,Risk Advisory,South,2024,Q3,106,167,77,4664079,3413625,1250454,8.71,81.75,28,171
Bengaluru,Finance,South,2023,Q1,100,16,64,5746744,4763225,983519,9.08,72.05,58,120
Ahmedabad,Tax,South,2023,Q1,367,61,41,2634208,2177353,456855,7.58,82.23,46,16
Mumbai,Finance,South,2024,Q4,410,155,83,744254,626077,118177,7.18,93.35,66,136
Ahmedabad,Finance,North,2025,Q2,361,127,73,3311103,2357056,954047,9.35,96.54,12,148
Hyderabad,Technology,South,2022,Q2,335,94,50,1055435,938666,116769,7.48,66.06,53,175
Delhi,Technology,East,2023,Q1,440,88,45,6454569,3621464,2833105,7.95,81.9,35,110
Kolkata,HR,South,2023,Q3,129,38,52,7084587,3989247,3095340,7.21,68.15,69,21
Kolkata,Technology,North,2023,Q3,287,144,44,7005644,4655728,2349916,9.19,68.34,71,48
Bengaluru,Finance,West,2025,Q4,405,143,19,534476,352136,182340,6.65,93.84,16,100
Kolkata,Consulting,West,2024,Q1,335,89,86,7983775,4977452,3006323,7.2,74.74,73,96
Kolkata,Finance,West,2024,Q2,120,80,19,627982,556017,71965,8.46,68.48,74,104
Pune,Tax,North,2024,Q2,127,28,44,5644421,4867100,777321,8.39,66.72,8,135
Ahmedabad,Consulting,East,2022,Q1,258,110,27,6411264,4863857,1547407,8.57,93.43,62,172
Pune,Tax,South,2023,Q1,426,129,77,1605578,935282,670296,9.31,88.75,17,131
Hyderabad,Finance,East,2025,Q2,154,46,83,2664703,2316963,347740,7.87,88.79,47,98
Kolkata,Risk Advisory,West,2022,Q4,97,99,66,4369175,3696401,672774,7.49,76.85,78,47
Mumbai,Risk Advisory,West,2024,Q1,445,87,73,4366937,3014434,1352503,7.95,86.11,75,55
Kolkata,Risk Advisory,West,2024,Q2,395,161,60,7079302,6322325,756977,8.49,76.63,35,59
Mumbai,Finance,East,2022,Q4,206,152,17,7395629,5220024,2175605,7.58,78.8,18,167
Chennai,Tax,East,2022,Q1,151,45,79,6833302,5279726,1553576,6.5,69.99,24,130
Hyderabad,Risk Advisory,East,2023,Q2,388,91,43,5283825,4375119,908706,8.88,96.23,60,103
Mumbai,Technology,West,2025,Q2,190,25,52,5104382,4536595,567787,6.5,84.04,50,43
Hyderabad,HR,West,2023,Q4,399,161,55,5744677,3799210,1945467,7.84,77.97,74,69
Delhi,Risk Advisory,North,2023,Q4,224,116,24,2919869,2625282,294587,8.85,69.57,14,180
Ahmedabad,Audit,East,2025,Q2,83,45,87,7260728,5050195,2210533,8.1,91.82,59,174
Delhi,Risk Advisory,East,2025,Q4,221,67,28,4063244,3094569,968675,8.52,93.79,35,143
Hyderabad,Risk Advisory,South,2022,Q1,330,133,52,1449291,1091452,357839,9.87,67.72,72,86
Kolkata,Technology,West,2022,Q2,281,171,89,6109605,3527250,2582355,8.72,92.14,44,171
Ahmedabad,Tax,West,2025,Q4,302,130,78,6655682,4432883,2222799,7.74,98.24,42,89
Delhi,Consulting,South,2024,Q1,362,131,79,1918339,1439715,478624,8.8,74.92,8,88
Kolkata,Consulting,North,2022,Q3,169,43,83,2856963,1846529,1010434,7.4,90.21,27,166
Delhi,Finance,East,2024,Q2,173,70,67,2016737,1673448,343289,9.52,76.66,15,52
Delhi,HR,East,2025,Q4,161,179,61,6590121,5095159,1494962,7.24,89.97,49,28
Hyderabad,HR,West,2022,Q2,277,112,65,3028050,2170182,857868,9.82,96.36,34,112
Chennai,Risk Advisory,South,2023,Q4,46,83,62,3704482,2917178,787304,9.87,88.22,10,39
Pune,HR,East,2024,Q3,178,78,17,2641980,2058155,583825,7.87,91.29,35,165
Bengaluru,Technology,South,2023,Q3,320,12,6,7476717,4290014,3186703,7.94,82.86,62,104
Bengaluru,Finance,South,2024,Q2,57,16,84,1271259,724501,546758,8.58,95.39,32,168
Mumbai,Finance,West,2022,Q2,232,178,87,5248529,4362157,886372,7.15,68.77,28,79
Hyderabad,Risk Advisory,West,2025,Q3,433,119,90,6958225,5702556,1255669,7.4,91.54,40,30
Chennai,Risk Advisory,South,2022,Q3,175,55,61,1082156,781427,300729,9.75,85.75,27,180
Kolkata,Consulting,North,2025,Q2,354,174,18,4204255,3365044,839211,6.86,67.48,78,79
Kolkata,Consulting,East,2023,Q1,59,180,54,2735031,1649394,1085637,7.65,78.31,5,146
Kolkata,Risk Advisory,East,2025,Q1,316,67,5,3724781,3292536,432245,9.36,81.39,77,152
Pune,Tax,South,2025,Q1,363,175,16,3564822,2627698,937124,9.86,67.74,63,89
Bengaluru,Audit,West,2025,Q2,193,109,18,5789999,4580438,1209561,8.2,95.1,61,63
Delhi,Consulting,North,2022,Q2,290,109,13,7149978,5285215,1864763,7.58,83.15,62,19
Ahmedabad,Tax,West,2024,Q1,247,40,32,7270476,5662591,1607885,8.33,96.96,73,53
Bengaluru,Consulting,West,2023,Q4,374,14,65,5687281,3219175,2468106,8.95,69.44,27,176
Ahmedabad,Tax,West,2025,Q2,342,26,18,1457808,1055453,402355,9.3,72.5,30,124
Pune,HR,East,2024,Q1,390,157,74,1652002,1094544,557458,9.88,72.25,10,166
Delhi,Tax,West,2022,Q3,112,116,26,6340952,4308515,2032437,7.08,73.28,79,25
Delhi,Consulting,East,2023,Q1,289,30,5,560599,343531,217068,6.81,87.16,41,121
Kolkata,Finance,North,2023,Q2,367,79,71,4278389,2970104,1308285,9.78,85.76,9,167
Delhi,Finance,East,2022,Q3,218,117,5,5178413,3275209,1903204,6.91,83.03,17,173
Pune,HR,North,2025,Q2,181,23,29,1445220,1197819,247401,8.9,97.93,65,142
Delhi,Audit,West,2022,Q3,185,63,60,2608743,1740039,868704,9.32,90.79,10,41
Ahmedabad,Technology,North,2023,Q1,288,141,19,1094412,944781,149631,9.02,85.15,46,122
Bengaluru,Finance,South,2023,Q1,206,68,17,2489092,2011713,477379,9.54,77.77,33,33
Kolkata,Technology,East,2022,Q4,114,65,83,4316740,2643231,1673509,7.81,80.56,29,176
Pune,Tax,North,2024,Q2,56,155,12,2853878,1705978,1147900,9.48,80.59,26,102
Bengaluru,Tax,North,2023,Q2,84,115,71,4603819,3921393,682426,7.26,81.1,64,86
Ahmedabad,Finance,East,2023,Q2,207,121,79,2365681,2039543,326138,8.57,70.06,78,16
Chennai,Consulting,West,2025,Q1,257,145,55,4520402,3767306,753096,8.94,68.33,68,76
Mumbai,Technology,West,2025,Q2,107,101,42,2505400,1945879,559521,6.82,81.31,44,56
Kolkata,HR,West,2025,Q4,435,45,56,2051437,1695411,356026,7.8,80.79,5,175
Mumbai,Risk Advisory,South,2022,Q3,258,79,83,5050275,3794424,1255851,7.23,88.28,47,29
Pune,Consulting,West,2025,Q3,278,168,10,3566633,2419074,1147559,8.77,88.97,76,67
Delhi,Tax,North,2022,Q4,417,158,31,6818077,5527795,1290282,7.29,76.99,39,143
Chennai,Tax,West,2022,Q3,216,125,67,4706468,3456142,1250326,6.93,89.13,73,89
Kolkata,Technology,South,2022,Q2,274,32,15,3777282,3264633,512649,7.51,97.53,18,57
Hyderabad,Consulting,North,2025,Q2,144,143,85,690339,450521,239818,9.89,83.41,21,136
Pune,Risk Advisory,East,2022,Q3,136,26,7,7813135,6490341,1322794,9.42,82.67,47,120
Pune,Finance,South,2025,Q4,274,87,77,1606912,1389012,217900,7.57,91.84,34,138
Pune,Tax,West,2023,Q3,185,126,26,5689446,4969424,720022,8.99,74.7,27,54
Delhi,Audit,West,2022,Q3,334,42,61,2684453,1823777,860676,7.22,89.04,45,103
Delhi,Tax,East,2023,Q3,102,16,56,4689412,3840541,848871,9.82,96.55,24,16
Pune,Finance,South,2025,Q3,426,156,90,1733825,1438817,295008,9.05,96.36,48,43
Kolkata,Consulting,North,2022,Q3,52,112,84,7553786,4737188,2816598,7.75,76.1,29,164
Bengaluru,HR,South,2023,Q1,82,147,62,6179619,4851280,1328339,6.81,82.4,29,140
Pune,Technology,West,2024,Q4,115,119,52,3738947,2544319,1194628,7.5,76.95,62,158
Mumbai,Audit,East,2025,Q4,187,51,59,6611986,5711103,900883,6.99,84.96,16,51
Bengaluru,Tax,East,2024,Q1,342,106,16,555523,385150,170373,9.7,79.09,76,133
Delhi,Audit,North,2025,Q3,323,135,10,7402140,6211778,1190362,9.42,75.33,76,133
Bengaluru,Consulting,West,2023,Q3,193,173,86,4463962,2649191,1814771,8.83,74.78,27,140
Bengaluru,Consulting,West,2024,Q4,74,163,51,5374332,3859684,1514648,8.03,73.77,65,45
Pune,Technology,West,2024,Q2,337,24,23,3181679,2263336,918343,8.93,77.15,11,84
Pune,Risk Advisory,South,2022,Q3,189,145,86,1144468,835293,309175,9.18,71.23,17,168
Delhi,Technology,South,2024,Q3,178,102,17,4983042,3752311,1230731,9.38,65.44,71,87
Pune,HR,East,2025,Q3,123,36,32,1796500,1304589,491911,9.41,92.03,76,172
Mumbai,Risk Advisory,East,2022,Q1,107,14,66,3420996,2254609,1166387,7.77,92.78,71,102
Delhi,Finance,South,2022,Q1,153,42,23,6271757,3946823,2324934,6.94,69.43,15,123
Mumbai,Consulting,West,2025,Q4,61,60,18,775085,641436,133649,8.3,67.02,20,79
Ahmedabad,Consulting,South,2022,Q1,440,41,82,2223030,1679857,543173,7.2,87.8,8,38
Delhi,HR,South,2024,Q3,122,138,83,2528554,1837546,691008,6.74,92.87,6,150
Bengaluru,Finance,North,2024,Q2,426,147,5,6584671,3849003,2735668,7.25,82.14,65,108
Delhi,Risk Advisory,West,2023,Q3,234,118,32,4813850,3031011,1782839,6.89,98.48,20,134
Mumbai,Technology,North,2025,Q3,400,83,76,6557720,3699950,2857770,7.65,68.93,41,131
Hyderabad,Finance,East,2023,Q4,188,119,29,7687139,4415209,3271930,9.44,81.17,52,60
Ahmedabad,Finance,East,2022,Q4,264,143,89,6175049,3579997,2595052,7,78.62,80,41
Delhi,Consulting,South,2023,Q3,142,162,56,1529803,966077,563726,7.99,81.97,79,166
Hyderabad,HR,East,2024,Q4,381,164,56,4564556,3327538,1237018,7.02,80.46,20,79
Kolkata,Risk Advisory,North,2023,Q1,90,23,13,4678658,3683683,994975,9.9,78.01,46,54
Hyderabad,Technology,West,2022,Q4,445,129,30,2962584,2315948,646636,8.22,73.9,48,153
Ahmedabad,HR,West,2025,Q1,236,125,45,7654428,5218159,2436269,8.11,66.12,76,92
Delhi,Risk Advisory,East,2023,Q3,406,109,67,6908989,4064445,2844544,8.86,87.44,74,161
Kolkata,Risk Advisory,North,2022,Q4,174,136,80,3669196,2810343,858853,7.73,98.24,46,30
Ahmedabad,Technology,West,2023,Q3,218,159,8,6918912,5963894,955018,7.69,68.31,49,106
Chennai,Tax,West,2023,Q2,160,175,44,5470515,3171419,2299096,8.91,94.54,19,101
Delhi,Consulting,South,2022,Q4,376,118,77,4818118,4170049,648069,7.43,88.66,80,20
Pune,Risk Advisory,East,2024,Q1,290,35,31,3318299,2401970,916329,9.34,87.69,26,172
Hyderabad,Tax,East,2023,Q4,365,29,73,2295834,1493610,802224,6.67,98.87,56,72
Mumbai,Finance,West,2024,Q3,74,155,72,4486840,3138486,1348354,7.72,67.61,43,144
Hyderabad,Risk Advisory,South,2023,Q4,245,74,84,4823230,3417885,1405345,9.17,71.14,7,175
Delhi,Technology,East,2023,Q4,177,173,73,7285825,5574004,1711821,9.19,79.75,77,175
Ahmedabad,Technology,North,2024,Q4,115,71,24,6761538,5340650,1420888,7.55,79.8,45,31
Bengaluru,HR,East,2024,Q3,370,51,37,6261756,4761635,1500121,7.92,68.86,29,22
Bengaluru,HR,South,2025,Q4,326,121,59,5926775,5138392,788383,7.21,74.27,8,81
Hyderabad,Finance,North,2022,Q4,440,15,12,7710713,6660335,1050378,7.6,75.13,13,119
Pune,Finance,West,2025,Q2,160,38,78,6661268,4829998,1831270,6.92,87.58,79,149
Hyderabad,Risk Advisory,West,2023,Q1,435,90,47,7482125,5645369,1836756,7.86,90.44,35,123
Bengaluru,Audit,West,2023,Q2,180,122,57,2633272,2243587,389685,6.7,83.14,19,96
Chennai,Risk Advisory,North,2024,Q2,225,131,52,7390112,4861659,2528453,8.76,95.78,9,28
Bengaluru,Tax,East,2024,Q3,390,41,73,7772528,4917940,2854588,8.05,65.27,55,80
Hyderabad,Consulting,North,2024,Q2,122,122,85,3160735,2711321,449414,9.18,78.81,9,85
Mumbai,HR,East,2025,Q4,210,118,17,7415575,4494729,2920846,7.41,67.26,58,169
Pune,Risk Advisory,West,2022,Q2,362,123,87,1641624,904660,736964,7.2,75.39,78,36
Mumbai,Audit,North,2023,Q4,445,91,62,4512820,3861742,651078,6.97,70.9,80,98
Hyderabad,Audit,West,2025,Q3,133,110,53,7501795,6447939,1053856,7.29,97.24,76,180
Bengaluru,Consulting,East,2023,Q3,399,53,11,3864124,2961083,903041,8.6,70.07,52,58
Mumbai,Consulting,East,2025,Q4,100,67,31,2098400,1848938,249462,9.35,74.05,68,112
Delhi,Risk Advisory,North,2023,Q3,412,58,58,2013052,1395011,618041,7.01,74.87,38,75
Kolkata,Audit,South,2025,Q1,45,130,22,7810197,5179223,2630974,8.93,88.35,54,123
Hyderabad,Consulting,West,2022,Q1,210,70,65,3472097,3120924,351173,9.79,97.89,10,16
Hyderabad,Technology,East,2024,Q4,383,104,21,7984533,5955233,2029300,8.53,73.85,69,141
Pune,Risk Advisory,North,2022,Q3,403,145,60,1689468,1083189,606279,7.6,98.27,68,86
Pune,Risk Advisory,South,2024,Q3,304,90,60,7988273,4854827,3133446,9.08,81.7,24,157
Kolkata,Consulting,North,2023,Q1,157,56,9,4444722,2849415,1595307,8.97,79.84,68,25
Kolkata,Tax,East,2025,Q4,97,47,20,3432693,2000409,1432284,9.54,71.14,26,145
Hyderabad,Technology,North,2022,Q2,253,29,36,6944576,5030225,1914351,6.83,76.17,41,46
Chennai,Tax,West,2024,Q2,54,30,63,7468410,5957530,1510880,8.18,86.36,39,167
Ahmedabad,Tax,West,2025,Q3,414,155,21,2273073,1936993,336080,9.31,74.62,12,33
Chennai,Consulting,East,2024,Q2,162,112,16,672067,570128,101939,7.07,91.5,41,180
Delhi,Consulting,South,2025,Q4,416,89,82,1601312,1081951,519361,6.84,77.49,30,140
Kolkata,Risk Advisory,East,2024,Q4,86,118,52,5649496,3475708,2173788,8.71,68.16,70,102
Kolkata,Finance,North,2023,Q4,309,171,87,4901316,2839771,2061545,8.14,67.69,66,91
Delhi,Audit,South,2023,Q4,191,155,11,5122075,2954343,2167732,6.66,68.66,59,120
Mumbai,Risk Advisory,South,2024,Q3,339,30,69,636471,375439,261032,8.82,71.1,28,115
Ahmedabad,Consulting,East,2024,Q3,340,126,90,4274436,3284192,990244,7.43,97.87,28,69
Delhi,Consulting,South,2022,Q4,313,14,5,3812945,2252830,1560115,7.1,81.22,56,169
Kolkata,Tax,South,2025,Q3,84,42,22,616399,380183,236216,9.36,88.67,29,21
Bengaluru,Risk Advisory,North,2023,Q4,360,147,29,1222205,800936,421269,8.12,81.12,7,44
Delhi,Audit,East,2025,Q4,50,125,79,2535325,1573089,962236,8.49,93.35,11,100
Ahmedabad,Consulting,East,2025,Q4,417,158,81,6632731,4934795,1697936,7.52,81.57,67,146
Kolkata,Audit,West,2022,Q4,335,90,75,1032765,664839,367926,8.77,95.23,19,141
Pune,Risk Advisory,East,2022,Q2,187,59,65,3384400,2380379,1004021,8.28,84.98,48,169
Kolkata,Audit,South,2025,Q4,384,177,51,7177102,5133879,2043223,9.9,70.51,31,87
Mumbai,Finance,East,2023,Q2,142,50,82,4628753,2709284,1919469,7.96,98.79,43,75
Bengaluru,Technology,West,2022,Q3,173,101,25,1965613,1650686,314927,9.63,66.09,13,101
Chennai,Consulting,North,2022,Q2,289,76,48,7084099,4777051,2307048,6.66,94.84,39,53
Mumbai,Finance,West,2025,Q4,426,38,18,7056975,5389414,1667561,9.24,97.21,76,25
Mumbai,Audit,West,2023,Q3,120,84,61,6891823,5010795,1881028,9.06,68.38,51,100
Delhi,Consulting,North,2025,Q4,433,11,36,7502922,6251440,1251482,7.69,82.17,15,83
Pune,Finance,East,2024,Q2,117,145,58,7103644,4474327,2629317,9.31,79.06,57,132
Pune,Consulting,East,2023,Q1,407,142,13,1211171,809554,401617,7.91,91.26,60,30
Chennai,HR,West,2023,Q1,363,179,71,2980716,2076834,903882,9.6,88.83,43,95
Pune,Consulting,South,2023,Q4,268,174,31,7945558,5884073,2061485,9.26,87.17,49,118
Bengaluru,Tax,West,2022,Q3,239,42,71,5036477,3270560,1765917,6.82,83.76,71,102
Delhi,Consulting,West,2024,Q2,436,87,59,4738550,2789369,1949181,6.71,77.68,69,105
Mumbai,Consulting,West,2025,Q3,333,11,63,3343572,2989262,354310,9.32,98.63,77,175
Bengaluru,Tax,South,2024,Q2,405,106,71,6686701,4257233,2429468,7.65,84.8,51,131
Mumbai,Audit,East,2025,Q1,87,25,59,7953356,4736399,3216957,7.25,67.65,72,118
Chennai,HR,South,2025,Q4,265,135,58,7410634,4498217,2912417,8.27,81.48,63,48
Mumbai,Finance,North,2025,Q4,56,50,76,3598181,3139751,458430,6.92,93.98,19,45
Pune,Technology,South,2022,Q2,100,105,44,3641196,2389138,1252058,8.2,91.9,23,165
Chennai,Consulting,South,2024,Q2,133,135,5,1526160,1131858,394302,6.74,66.52,66,161
Hyderabad,Technology,East,2024,Q4,283,165,21,6891710,4124569,2767141,8.73,90.9,62,53
Pune,Consulting,East,2025,Q2,242,96,74,884363,782951,101412,9.62,90.02,16,57
Ahmedabad,Technology,South,2022,Q1,138,168,74,5339015,4352179,986836,9.85,82.74,65,143
Ahmedabad,Consulting,North,2022,Q3,442,62,36,7459948,5945326,1514622,9.61,80.1,73,170
Pune,Risk Advisory,West,2025,Q1,214,121,28,3980739,2222923,1757816,8.35,77.99,16,44
Mumbai,Technology,North,2024,Q2,133,75,16,1793752,1179173,614579,7.93,70.75,46,61
Ahmedabad,Finance,West,2024,Q4,90,91,23,3963008,3418307,544701,7.4,97.01,20,28
Bengaluru,Audit,North,2025,Q4,98,78,12,3170399,2259506,910893,7.92,81.46,57,177
Bengaluru,Consulting,South,2022,Q2,430,152,88,7086854,4209236,2877618,8.49,80.16,69,67
Delhi,Tax,North,2023,Q4,324,125,10,508397,424219,84178,9.86,86.1,26,15
Ahmedabad,Risk Advisory,South,2024,Q4,219,171,32,5408670,4566212,842458,7.48,70.49,73,159
Mumbai,Tax,West,2025,Q1,111,152,40,7867540,5516615,2350925,8.64,97.55,45,102
Hyderabad,HR,East,2024,Q2,379,92,48,2266841,1611564,655277,8.6,65.54,22,180
Ahmedabad,Technology,East,2022,Q1,384,54,57,5162309,4456847,705462,8.96,90.92,73,35
Mumbai,Technology,West,2025,Q1,220,106,81,3502834,2400712,1102122,9.44,92.6,6,46
Kolkata,Tax,North,2025,Q1,153,15,40,6208903,5417202,791701,7.75,68.06,43,71
Bengaluru,Risk Advisory,South,2022,Q3,292,165,31,559856,346343,213513,9.37,78.47,40,160
Kolkata,Audit,North,2023,Q1,341,42,13,1568967,1005501,563466,8.49,72.75,71,85
Bengaluru,HR,West,2024,Q4,41,119,87,6146370,5409272,737098,6.68,96.92,60,119
Hyderabad,Consulting,East,2025,Q3,304,21,33,893968,578644,315324,7.97,80.26,5,115
Bengaluru,Tax,West,2022,Q2,393,118,14,2597019,1607312,989707,7.65,67.14,17,22
Kolkata,Risk Advisory,West,2024,Q3,166,37,65,2499501,2213510,285991,9.41,92.94,71,75
Mumbai,HR,East,2022,Q4,336,41,15,1009078,878755,130323,7.82,95.26,13,47
Ahmedabad,HR,East,2022,Q3,352,170,60,1051888,616027,435861,6.7,66.77,53,117
Mumbai,Technology,East,2023,Q1,272,108,64,7170324,5018058,2152266,8.67,68.44,8,131
Pune,Technology,North,2022,Q1,46,162,13,5473492,4522723,950769,7.18,84.49,70,80
Pune,Risk Advisory,East,2025,Q2,164,45,10,1007436,599110,408326,8.55,82.45,50,94
Delhi,Audit,East,2024,Q3,189,104,6,4842619,3657407,1185212,8.87,66.95,69,158
Ahmedabad,Risk Advisory,South,2023,Q2,367,61,13,3365145,2073852,1291293,8.17,88.52,64,168
Pune,HR,South,2024,Q4,208,51,18,4310962,3692929,618033,9.69,81.86,5,178
Bengaluru,Finance,North,2025,Q2,162,133,47,7271882,5883159,1388723,7.22,71.26,5,107
Ahmedabad,Consulting,South,2022,Q1,112,84,61,2130774,1642756,488018,9.69,77.24,8,65
Bengaluru,Tax,North,2023,Q3,408,54,48,7609632,5662150,1947482,7.12,65.73,38,40
Ahmedabad,HR,North,2025,Q1,213,63,44,4326913,2743489,1583424,9.33,87.47,72,174
Chennai,Finance,West,2022,Q2,106,58,29,4967392,3389591,1577801,7.81,85.38,36,26
Bengaluru,HR,South,2023,Q3,166,23,85,7174076,4648985,2525091,6.94,82.28,79,140
Bengaluru,Finance,West,2025,Q1,125,140,54,6802428,5842249,960179,9.13,77.73,71,133
Delhi,Tax,South,2025,Q4,282,78,79,3863379,2987693,875686,9.27,87.09,31,71
Bengaluru,Risk Advisory,North,2025,Q2,196,118,53,5293002,3202389,2090613,9.45,73.65,15,49
Mumbai,Tax,East,2024,Q2,338,20,64,4797165,3681315,1115850,7.99,80.9,57,109
Kolkata,Tax,South,2025,Q1,131,123,34,2728222,2116757,611465,7.76,67.8,69,146
Mumbai,HR,South,2023,Q1,100,28,51,821127,608544,212583,7.67,87.95,37,92
Hyderabad,Audit,North,2024,Q1,434,86,41,7398026,4966452,2431574,9.99,97.16,79,18
Kolkata,Finance,North,2025,Q2,156,63,65,2460612,1797572,663040,9.25,90.76,64,102
Mumbai,Tax,North,2025,Q4,147,122,62,7655013,5706478,1948535,7.81,84.64,21,93
Ahmedabad,Risk Advisory,South,2024,Q2,254,118,56,6899178,5674747,1224431,8.38,76.09,7,160
Ahmedabad,Audit,North,2024,Q4,235,62,55,1034431,762449,271982,7.16,68.69,77,130
Hyderabad,Consulting,North,2022,Q2,56,164,67,725137,446207,278930,6.74,97.74,41,67
Bengaluru,Tax,West,2025,Q1,228,142,6,1941378,1289793,651585,9.68,78.3,19,48
Chennai,Risk Advisory,West,2025,Q2,106,62,44,4125562,3450057,675505,8.83,70.4,78,94
Bengaluru,Technology,East,2024,Q2,43,46,62,1036619,869312,167307,8.62,73.39,47,160
Kolkata,Risk Advisory,East,2022,Q1,187,175,63,3409016,2710545,698471,8.99,75.11,27,121
Bengaluru,Audit,East,2025,Q4,377,56,77,1301398,895027,406371,9.81,73.15,25,85
Hyderabad,Finance,West,2023,Q4,250,151,20,3593148,2072480,1520668,6.87,91.06,46,119
Kolkata,Audit,South,2023,Q1,276,16,14,5859201,4646756,1212445,9.12,77.96,56,64
Chennai,Consulting,West,2024,Q1,403,44,46,6122846,4971975,1150871,8.2,67.32,75,77
Kolkata,Audit,East,2024,Q2,127,14,82,1343181,822070,521111,6.93,90.21,26,34
Ahmedabad,Finance,South,2023,Q4,223,55,32,6492924,3649384,2843540,8.86,72.35,11,177
Mumbai,Risk Advisory,South,2025,Q1,346,11,11,6979442,4760596,2218846,7.21,73.49,35,66
Mumbai,Consulting,East,2022,Q1,212,59,90,1029920,645964,383956,9.59,92.1,26,57
Ahmedabad,Risk Advisory,West,2024,Q3,327,170,29,5740139,3573189,2166950,8.4,96.92,20,74
Bengaluru,Consulting,South,2024,Q2,47,112,88,3152815,1747269,1405546,7.24,72.48,40,174
Pune,Consulting,West,2023,Q4,194,163,68,1354074,1082427,271647,9.27,96.36,77,58
Hyderabad,Consulting,South,2025,Q2,210,54,86,6889739,5920962,968777,7.61,93.95,66,32
Pune,Consulting,East,2025,Q2,297,160,6,2451239,1366381,1084858,9.16,69.22,35,124
Bengaluru,Technology,West,2022,Q2,231,137,42,2194597,1323527,871070,7.22,66.29,61,99
Delhi,Tax,South,2022,Q4,371,83,8,2421075,2049263,371812,7.66,73.24,74,28
Bengaluru,HR,North,2025,Q3,133,123,85,550689,315333,235356,8.22,97.42,11,177
Delhi,Audit,North,2022,Q2,343,150,31,2482313,1806127,676186,7.99,80.88,26,65
Bengaluru,Risk Advisory,North,2023,Q3,186,157,62,5831830,3618594,2213236,9.52,81.36,51,116
Chennai,Audit,East,2025,Q4,298,166,60,6878063,4158184,2719879,9.84,81.39,53,124
Mumbai,HR,South,2023,Q2,171,107,64,3065632,2172800,892832,7.81,85.6,14,100
Delhi,Finance,East,2023,Q2,137,11,6,7728087,5604755,2123332,9.04,81.71,58,116
Pune,Risk Advisory,East,2024,Q1,249,19,20,3728154,3266777,461377,7.07,90.94,37,104
Kolkata,Finance,South,2022,Q4,257,73,36,4507452,2533538,1973914,9.35,86.45,8,180
Delhi,Tax,East,2023,Q3,166,164,79,6058330,5116444,941886,6.54,91.21,54,116
Mumbai,Technology,North,2025,Q2,258,74,43,4699729,4176598,523131,8.8,78.01,44,120
Mumbai,Consulting,South,2023,Q3,423,63,55,6363712,4186273,2177439,9.95,92.76,5,39
Mumbai,HR,East,2025,Q3,415,120,26,1979761,1348470,631291,8.96,71.73,28,143
Mumbai,Risk Advisory,North,2023,Q2,70,56,29,2675601,2392071,283530,9.55,79.98,18,177
Delhi,Consulting,South,2022,Q4,103,80,13,3370178,1888591,1481587,7.32,81.5,17,17
Ahmedabad,Tax,West,2022,Q1,148,143,5,3651313,2778812,872501,9.95,90.89,67,136
Pune,Technology,East,2024,Q3,389,97,45,7352210,4660264,2691946,7.76,78.55,12,106
Pune,HR,West,2022,Q4,397,112,22,715423,544199,171224,9.54,74.5,36,109
Kolkata,Technology,East,2025,Q2,41,173,46,639505,493584,145921,9.56,97.97,46,128
Bengaluru,Technology,East,2025,Q1,218,119,65,6022547,5119074,903473,9.67,89.97,42,170
Bengaluru,Finance,North,2022,Q2,294,32,43,7482292,5877877,1604415,8.42,94.74,26,129
Mumbai,Risk Advisory,North,2023,Q2,127,178,16,1384743,972384,412359,9.01,70.45,46,113
Hyderabad,Audit,South,2025,Q1,380,44,73,5814587,4674317,1140270,6.82,88.52,33,162
Mumbai,Finance,South,2025,Q4,374,174,76,7681831,5399841,2281990,7.32,73.81,42,37
Mumbai,Consulting,South,2023,Q1,333,104,21,7658253,5051998,2606255,7.83,90.06,44,30
Bengaluru,HR,East,2025,Q3,434,103,21,4859990,3802018,1057972,8.57,68.62,6,152
Kolkata,Tax,North,2024,Q2,295,126,23,5545457,3600041,1945416,9.11,93.87,9,168
Pune,Tax,West,2024,Q4,363,65,68,2945238,2345732,599506,7.82,98.36,47,54
Bengaluru,HR,North,2022,Q2,289,110,43,7336817,5728128,1608689,9.47,98.7,75,115
Pune,Risk Advisory,East,2024,Q4,240,28,72,6596459,4281523,2314936,8.94,71.63,75,115
Mumbai,Audit,South,2022,Q3,274,177,25,5341547,3195026,2146521,8.94,74.9,23,68
Bengaluru,HR,North,2022,Q3,411,157,18,6190142,5106401,1083741,9.5,77.8,59,58
Ahmedabad,Consulting,South,2025,Q2,66,40,70,5953415,3979679,1973736,8.02,70.05,56,77
Ahmedabad,Consulting,North,2025,Q4,194,162,27,5976057,4845507,1130550,9.22,98.7,16,133
Chennai,Tax,East,2024,Q1,101,39,15,1523842,1099035,424807,8.84,82.33,7,165
Kolkata,Tax,West,2023,Q4,287,175,60,3002853,2252133,750720,6.85,67.16,73,62
Chennai,HR,West,2025,Q4,72,142,79,5021306,4016101,1005205,9.27,69.22,31,45
Delhi,HR,North,2022,Q4,449,90,20,828356,492942,335414,7.22,70.48,76,80
Ahmedabad,Consulting,West,2024,Q3,318,53,59,6021040,3311752,2709288,7.55,97.17,71,90
Kolkata,Audit,East,2024,Q3,350,147,70,2260261,1787359,472902,8.82,66.52,9,63
Delhi,Tax,North,2023,Q2,342,101,40,1577869,1270478,307391,7.98,83.69,38,112
Delhi,Risk Advisory,East,2022,Q3,386,118,23,4995491,3103783,1891708,8.7,74.16,29,110
Delhi,Risk Advisory,North,2024,Q4,234,16,82,2576161,1486789,1089372,6.94,68.74,75,119
Mumbai,Tax,West,2024,Q3,438,79,23,7788487,6459257,1329230,7.46,68.33,33,111
Mumbai,HR,West,2023,Q3,341,135,17,4937239,3318392,1618847,8.5,74.59,39,170
Mumbai,Consulting,North,2024,Q4,132,98,73,5127757,3887434,1240323,9.47,81.21,21,81
Ahmedabad,Finance,North,2023,Q2,233,155,39,943460,822182,121278,8.74,77.59,36,170
Chennai,Finance,East,2023,Q4,221,129,69,2906017,1878850,1027167,8,97.02,34,93
Mumbai,Tax,East,2024,Q1,364,30,14,6623289,4199250,2424039,6.83,84.56,15,88
Kolkata,HR,West,2025,Q2,285,137,70,6247218,5618023,629195,9.61,88.73,56,18
Bengaluru,HR,West,2025,Q3,165,179,72,6238463,4761305,1477158,8.63,97.8,72,72
Delhi,Consulting,South,2023,Q3,66,118,68,3680077,2243630,1436447,9.89,76.49,36,153
Mumbai,Tax,South,2025,Q3,175,64,5,6691008,5158176,1532832,7.88,96.38,70,24
Kolkata,Technology,East,2022,Q3,43,167,63,3256092,2130860,1125232,6.88,76.89,28,117
Pune,Consulting,West,2025,Q4,141,31,72,4814417,4161959,652458,7.94,96.05,5,54
Hyderabad,Audit,East,2025,Q3,193,103,59,7984260,4900449,3083811,9.34,68.7,61,127
Delhi,Audit,South,2025,Q1,223,60,19,2090203,1358036,732167,6.97,79.32,47,23
Delhi,Finance,North,2025,Q3,100,117,67,5114771,3700274,1414497,8.89,69.33,56,143
Chennai,Audit,West,2022,Q1,104,49,49,4694311,2604296,2090015,8.9,66.77,48,124
Ahmedabad,Risk Advisory,East,2024,Q3,288,31,59,2578254,1975366,602888,9.05,71.35,40,44
Hyderabad,Finance,North,2025,Q2,282,36,69,5626282,3451250,2175032,9.97,85.1,24,73
Mumbai,Audit,East,2022,Q3,138,47,59,648154,496332,151822,6.82,66.73,57,149
Hyderabad,Finance,North,2023,Q3,258,132,12,4777046,3341426,1435620,6.68,68.74,51,86
Pune,Finance,East,2023,Q3,64,56,10,504495,286677,217818,9.11,72.21,65,86
Mumbai,Risk Advisory,North,2024,Q4,226,95,43,1435569,838243,597326,6.55,83.76,21,99
Pune,Finance,South,2024,Q2,372,80,31,5401691,3697010,1704681,9.61,69.44,20,25
Bengaluru,Audit,East,2022,Q1,319,168,48,3028967,2434903,594064,9.96,71.87,24,26
Delhi,Audit,East,2024,Q3,227,124,85,6517365,3852415,2664950,8.03,81.42,72,143
Ahmedabad,Audit,South,2023,Q3,63,154,12,7163829,6378429,785400,7.17,92.69,68,151
Mumbai,Audit,East,2025,Q4,245,165,39,2235809,1373732,862077,7.06,72.41,6,146
Kolkata,Technology,South,2024,Q2,191,78,75,1499111,914290,584821,6.66,73.1,10,178
Delhi,Tax,North,2024,Q1,368,73,31,4984507,2944172,2040335,8.77,86.51,52,98
Mumbai,Finance,South,2023,Q4,353,85,46,980360,753979,226381,6.54,77.09,40,60
Hyderabad,Consulting,West,2025,Q3,360,172,82,5121097,3186119,1934978,8.05,76.02,31,163
Chennai,Audit,East,2023,Q4,228,47,66,1285937,930486,355451,8.11,92.73,27,63
Kolkata,Finance,North,2024,Q1,198,51,27,7357680,5061856,2295824,8.63,67.36,14,124
Bengaluru,Risk Advisory,East,2022,Q2,412,13,82,1336595,911900,424695,6.57,93.1,10,48
Bengaluru,HR,West,2024,Q2,361,163,6,7147136,6348273,798863,9.85,68.62,48,36
Bengaluru,Audit,East,2025,Q2,197,94,66,1796151,1141154,654997,8.4,74.09,74,46
Ahmedabad,HR,West,2022,Q3,92,140,58,1689798,930104,759694,7.29,72.71,54,52
Pune,Finance,South,2023,Q4,391,38,67,1922364,1723916,198448,7.29,97.52,41,106
Mumbai,Technology,South,2022,Q3,83,21,82,1767543,1082308,685235,8.36,85.39,59,53
Hyderabad,Technology,South,2024,Q1,178,137,89,3596340,3152223,444117,9.34,89.18,14,15
Delhi,HR,North,2024,Q2,239,124,66,7333777,4206359,3127418,8.52,97.63,40,52
Mumbai,Tax,North,2023,Q4,220,91,68,4055361,2913578,1141783,9.9,85.46,47,50
Bengaluru,Risk Advisory,East,2025,Q4,312,147,34,3726487,2158627,1567860,9,82.92,33,37
Bengaluru,Tax,West,2023,Q1,225,152,65,1620656,1413724,206932,6.71,76.88,22,90
Kolkata,Audit,East,2023,Q2,154,24,22,1483445,1315397,168048,8.96,77.83,8,123
Pune,Consulting,West,2022,Q4,344,50,8,1732174,1174128,558046,6.78,67.62,77,121
Delhi,HR,North,2025,Q2,423,145,43,4444193,3084416,1359777,7.68,91.57,6,88
Mumbai,Audit,West,2022,Q2,297,51,6,3825166,3218640,606526,8.88,94.78,75,81
Hyderabad,Finance,North,2025,Q2,179,33,71,3667205,3272152,395053,6.94,72.2,12,71
Chennai,Audit,West,2025,Q4,200,177,87,3898224,3272710,625514,7.08,92.31,59,64
Hyderabad,Consulting,West,2022,Q3,348,95,8,2509322,1627978,881344,8.4,67.22,6,94
Bengaluru,Technology,North,2022,Q2,177,31,77,5237859,2963088,2274771,9.95,81.45,11,95
Mumbai,Tax,West,2024,Q3,243,138,29,3137986,2551636,586350,9.04,98.11,17,99
Chennai,Finance,West,2023,Q1,340,107,66,5418729,4628051,790678,6.63,70.48,64,35
Mumbai,Finance,North,2023,Q2,433,51,69,4831044,4334884,496160,8.63,82.79,48,129
Delhi,Tax,South,2024,Q4,60,109,35,2251714,2024185,227529,8.62,97.57,77,175
Kolkata,Consulting,West,2023,Q3,320,32,68,1289485,914480,375005,7.09,75.05,13,86
Pune,Tax,West,2022,Q2,403,127,38,4470000,3989337,480663,9.17,80.03,22,46
Kolkata,Consulting,South,2024,Q4,249,168,21,4197930,2847692,1350238,9.46,97.37,52,36
Chennai,Technology,East,2024,Q1,357,174,12,6716315,5552422,1163893,8.95,84.07,24,41
Hyderabad,Risk Advisory,North,2025,Q1,154,109,64,6113241,3562345,2550896,8.13,86.84,64,42
Mumbai,Audit,West,2025,Q4,142,112,47,1040826,688037,352789,9.99,81.53,65,44
Hyderabad,Risk Advisory,West,2023,Q4,114,173,32,3185920,2385847,800073,9.96,91.32,12,107
Chennai,Risk Advisory,North,2022,Q2,51,118,39,2614527,2019697,594830,6.79,67.35,56,35
Hyderabad,HR,East,2025,Q2,382,76,28,7467150,4247388,3219762,9.63,79.57,43,57
Bengaluru,Tax,East,2025,Q4,314,51,60,3475375,3021523,453852,8.5,92.98,76,167
Bengaluru,Consulting,North,2024,Q3,47,48,63,1737207,1259138,478069,7.61,91.93,57,82
Ahmedabad,Risk Advisory,North,2025,Q1,58,65,29,4024692,3194623,830069,9.21,85.43,32,104
Bengaluru,Audit,West,2024,Q3,48,87,44,4711795,3942208,769587,6.94,81.97,63,120
Chennai,Tax,South,2025,Q3,98,55,63,4093542,2786034,1307508,8.43,70.53,60,112
Hyderabad,HR,East,2024,Q1,84,36,16,5949446,3306400,2643046,9.76,68.52,74,40
Kolkata,Technology,West,2024,Q4,148,67,63,5127054,3503715,1623339,7.18,80.97,20,104
Kolkata,Risk Advisory,East,2022,Q3,440,67,69,2879046,1853135,1025911,8.81,75.45,58,76
Ahmedabad,Risk Advisory,West,2022,Q1,118,105,71,7378947,5972784,1406163,7.61,70.79,78,125
Bengaluru,Technology,East,2023,Q4,66,157,59,1581043,1389400,191643,7.87,89.76,56,96
Delhi,Risk Advisory,North,2022,Q2,298,40,85,5339671,4402550,937121,9.45,86.33,38,156
Delhi,Tax,North,2022,Q1,53,121,6,5775546,4733125,1042421,7.04,86.02,74,35
Chennai,Consulting,North,2025,Q3,135,71,88,2360217,1543399,816818,8.37,73.34,53,81
Ahmedabad,Tax,West,2023,Q1,366,158,18,1430561,1016692,413869,8.59,68.64,41,82
Delhi,Consulting,West,2025,Q3,146,110,17,4619116,3826496,792620,7.95,81.54,14,68
Chennai,Risk Advisory,South,2025,Q2,132,86,6,1998851,1560869,437982,8.71,94.06,20,102
Pune,Risk Advisory,West,2023,Q3,102,59,82,747927,551658,196269,8.31,90.87,32,108
Mumbai,Audit,West,2024,Q2,152,31,21,2744712,1772489,972223,7.2,68.13,75,90
Kolkata,Finance,East,2025,Q4,138,74,27,2159907,1707341,452566,9.61,74.56,55,41
Hyderabad,Audit,North,2025,Q4,268,118,81,6766955,4365267,2401688,7.62,68.66,54,124
Bengaluru,Technology,South,2024,Q1,270,52,9,4789571,3058487,1731084,7.93,85.53,72,105
Chennai,Consulting,West,2023,Q3,259,57,50,2557877,1471864,1086013,8.8,77.65,45,46
Ahmedabad,Tax,West,2024,Q2,278,155,46,2451599,1830300,621299,7.85,85.46,72,70
Mumbai,Technology,South,2022,Q4,389,121,45,7323247,4848300,2474947,7.19,92.29,68,26
Hyderabad,Risk Advisory,West,2022,Q4,127,163,46,5459102,3734026,1725076,8.52,74.69,78,16
Kolkata,Tax,North,2025,Q1,313,145,10,3330231,2583165,747066,6.74,68.23,58,92
Hyderabad,Tax,South,2025,Q1,324,90,68,5636517,3192948,2443569,7.54,98.45,68,179
Mumbai,HR,South,2022,Q1,154,22,6,1663788,976306,687482,7.63,88.38,60,72
Delhi,Consulting,North,2024,Q1,392,23,38,7909819,6523468,1386351,6.89,97.2,14,82
Pune,Finance,East,2024,Q2,110,159,63,1505806,894751,611055,9.52,90.6,57,178
Kolkata,Finance,West,2023,Q4,378,135,40,3200388,2625679,574709,8.19,68.12,42,36
Pune,Technology,North,2023,Q1,78,136,12,2282373,1265792,1016581,7.26,92.83,29,139
Mumbai,Tax,North,2024,Q3,402,126,88,1791836,1517205,274631,6.87,69.42,51,113
Kolkata,HR,North,2025,Q2,75,81,59,1877378,1483491,393887,9.83,84.63,18,52
Kolkata,Consulting,West,2023,Q1,275,57,39,739798,530201,209597,8.36,76.97,20,155
Mumbai,Tax,East,2023,Q2,243,138,60,4760799,3174542,1586257,8.04,77.57,11,112
Chennai,Audit,South,2023,Q4,130,162,40,4942294,3769027,1173267,8.32,68.71,11,180
Bengaluru,Consulting,North,2022,Q1,58,157,39,2502923,1434291,1068632,6.85,72.7,56,115
Chennai,Consulting,North,2024,Q4,145,53,31,3416157,2640398,775759,8.97,74.79,5,39
Delhi,Technology,East,2024,Q2,127,90,13,1897923,1168305,729618,9.65,69.82,6,136
Chennai,Tax,West,2023,Q3,79,53,6,5482876,3691347,1791529,8.16,65.03,36,135
Mumbai,Consulting,West,2024,Q2,308,138,26,6833335,4108911,2724424,6.83,75.36,47,130
Kolkata,Finance,South,2024,Q4,169,103,63,613758,515380,98378,7.55,76.35,71,167
Kolkata,Consulting,South,2022,Q2,250,66,89,1688104,1139500,548604,6.61,84.64,60,107
Bengaluru,Finance,West,2023,Q4,367,37,40,7858017,6046053,1811964,8.41,96.02,72,59
Hyderabad,Finance,South,2024,Q4,341,116,40,3094791,1908558,1186233,8.53,88.86,20,125
Kolkata,Technology,South,2024,Q1,44,137,23,4411754,3477887,933867,8.33,74.85,76,56
Hyderabad,Risk Advisory,South,2022,Q3,47,126,10,2323056,1507793,815263,8.58,66.81,44,16
Chennai,Tax,West,2022,Q3,110,99,41,7087265,6028808,1058457,8.83,91.14,24,37
Hyderabad,Audit,North,2025,Q1,188,66,9,4469302,3917464,551838,7.37,88.07,54,123
Chennai,Consulting,South,2024,Q3,128,154,60,6195220,5306678,888542,9.32,69.73,30,79
Delhi,Risk Advisory,North,2024,Q3,83,86,77,5770720,4105313,1665407,7.14,91.6,60,39
Delhi,Technology,East,2024,Q3,279,100,59,4413726,3077148,1336578,7.94,65.94,76,21
Chennai,Consulting,North,2024,Q2,337,141,52,1567658,1202881,364777,9.65,94.85,11,115
Delhi,Risk Advisory,West,2025,Q4,67,31,12,2766390,2325048,441342,8.77,76.34,17,89
Kolkata,Finance,South,2022,Q1,419,159,70,6702229,5368036,1334193,8.96,82.55,76,141
Delhi,Audit,North,2024,Q3,408,11,67,5731672,4532154,1199518,6.9,65,20,148
Mumbai,Audit,North,2022,Q4,52,139,61,3777545,2151231,1626314,6.93,78.75,28,75
Hyderabad,HR,East,2022,Q4,114,172,7,2050280,1229327,820953,9.11,73.18,70,154
Bengaluru,Risk Advisory,East,2024,Q3,381,35,80,4635282,3145357,1489925,7.46,78.12,18,133
Chennai,HR,East,2023,Q1,185,127,20,5232928,3591360,1641568,8.53,66.16,61,25
Pune,Audit,East,2025,Q3,44,50,50,4699659,3992566,707093,8.26,76.86,72,114
Mumbai,Audit,North,2024,Q3,275,45,40,7084729,5787604,1297125,7.56,78.39,66,111
Kolkata,Technology,North,2024,Q2,397,92,80,5371472,3608733,1762739,8.66,78.73,10,22
Delhi,Audit,West,2022,Q4,387,131,46,6874581,4338115,2536466,9.2,96.19,35,41
Delhi,Finance,East,2025,Q1,71,166,37,1460275,822275,638000,9.12,80.01,52,170
Ahmedabad,Audit,South,2022,Q4,233,44,86,5313212,3957088,1356124,7.19,81.7,41,72
Bengaluru,Finance,North,2025,Q2,84,159,8,5777404,5118440,658964,6.84,66.13,22,16
Pune,HR,East,2022,Q3,134,174,72,4662221,2874482,1787739,7.23,93.14,69,105
Pune,Technology,North,2022,Q4,258,170,53,7831449,4501545,3329904,6.77,91.6,43,40
Mumbai,Risk Advisory,North,2022,Q3,51,67,42,7447013,4751072,2695941,8.96,67.31,25,88
Mumbai,Technology,North,2024,Q4,356,24,74,6351204,5475582,875622,8.54,96.86,38,22
Ahmedabad,Tax,East,2024,Q2,211,25,22,2213233,1641069,572164,9.07,96.42,12,75
Kolkata,Consulting,West,2024,Q1,253,163,83,1176067,1012160,163907,8.18,69.4,10,41
Ahmedabad,Risk Advisory,North,2024,Q4,284,87,34,679879,595530,84349,6.59,91.58,30,151
Chennai,Finance,West,2025,Q1,238,106,21,4104741,3265191,839550,8.42,68.93,20,172
Pune,Tax,North,2024,Q4,69,70,34,1271674,961406,310268,7.29,90.41,73,160
Ahmedabad,HR,West,2023,Q1,79,24,21,4178873,2562517,1616356,6.65,76.89,36,89
Delhi,Technology,East,2025,Q1,376,29,14,2598820,2282880,315940,7.22,88.98,50,71
Kolkata,Finance,South,2024,Q3,374,72,72,7990846,5143206,2847640,8.94,82.12,11,103
Chennai,Finance,East,2024,Q1,144,45,71,2433875,1598395,835480,8.44,69.17,23,24
Bengaluru,Finance,East,2025,Q1,50,137,9,2767428,1791324,976104,7.84,93.12,15,30
Hyderabad,HR,East,2025,Q1,235,108,61,872584,548468,324116,7.83,87.44,73,28
Hyderabad,Consulting,South,2022,Q3,174,161,32,6852292,3834342,3017950,9.04,86.13,59,29
Mumbai,Technology,East,2024,Q4,257,156,77,6950943,5085445,1865498,7.07,77.96,35,48
Ahmedabad,Tax,South,2022,Q2,434,148,42,3331426,2498166,833260,6.64,74.33,39,79
Ahmedabad,Consulting,South,2024,Q3,131,123,64,644843,453948,190895,8.13,97.84,66,178
Bengaluru,Risk Advisory,West,2022,Q3,352,151,45,1037235,730372,306863,7.4,91.75,38,141
Delhi,Audit,North,2023,Q1,159,39,88,822976,505710,317266,8.27,79.97,45,25
Bengaluru,Consulting,South,2024,Q1,387,100,74,6525699,3691304,2834395,7.32,68.71,69,128
Mumbai,Technology,West,2023,Q2,206,156,52,7455312,6247123,1208189,7.96,86.82,41,51
Ahmedabad,Tax,South,2024,Q4,373,105,65,2966779,2277509,689270,7.06,66.52,24,166
Ahmedabad,Consulting,North,2024,Q3,150,106,79,773464,603279,170185,7.03,90.93,15,34
Bengaluru,Technology,East,2022,Q1,350,130,89,4899389,3586928,1312461,7.61,71.63,78,90
Bengaluru,Tax,North,2024,Q2,273,90,19,6313918,4005336,2308582,9.06,94.93,51,35
Pune,Technology,West,2024,Q4,349,68,62,7095997,4943054,2152943,8.49,93.11,21,152
Bengaluru,HR,East,2023,Q3,447,83,48,3132717,1852336,1280381,7.93,82.17,23,162
Kolkata,Finance,North,2023,Q4,47,52,20,4011686,2576231,1435455,8.44,96.62,17,47
Ahmedabad,HR,East,2022,Q2,77,43,70,7771916,5714366,2057550,7.86,79.36,21,117
Bengaluru,Finance,South,2022,Q3,212,161,82,5672663,3333938,2338725,9.03,67.51,50,129
Chennai,Finance,East,2025,Q3,427,132,22,6652566,4086057,2566509,9.18,96.16,70,36
Delhi,Consulting,South,2025,Q4,204,122,27,4767009,3827367,939642,7.48,91.28,34,91
Kolkata,Tax,West,2025,Q3,205,108,45,6852694,4196901,2655793,7,92.68,31,125
Hyderabad,Technology,South,2022,Q3,185,52,20,2914603,1882387,1032216,8.04,95.1,41,81
Mumbai,Audit,South,2023,Q1,145,151,70,6832264,4161520,2670744,8.59,66.35,74,152
Bengaluru,Consulting,East,2022,Q3,144,82,78,4077762,3287619,790143,8.32,93.26,42,43
Mumbai,Risk Advisory,East,2025,Q3,84,45,40,6637388,5204047,1433341,9.89,92.32,33,34
Pune,Audit,South,2024,Q4,362,141,14,6429150,5084031,1345119,9.62,66.3,17,148
Pune,Audit,West,2022,Q2,110,160,53,7815829,6878764,937065,8.86,74.02,24,139
Delhi,Finance,East,2024,Q2,141,172,16,4831090,4106450,724640,9.12,65.11,13,140
Bengaluru,Finance,North,2022,Q4,392,77,83,3690105,2844551,845554,7.32,76.86,72,61
Hyderabad,HR,North,2024,Q4,290,171,55,5515063,3722638,1792425,8.18,68.28,19,88
Chennai,Risk Advisory,South,2023,Q4,99,55,64,3175177,2480494,694683,7.72,78.54,21,138
Kolkata,Technology,East,2023,Q1,188,78,69,2304441,1985123,319318,9.24,67.07,46,81
Pune,Risk Advisory,East,2025,Q4,244,76,11,2750808,1980380,770428,7.27,86.63,10,93
Kolkata,Risk Advisory,North,2023,Q2,439,170,19,5644766,4311263,1333503,6.95,83.35,7,112
Mumbai,HR,South,2024,Q1,375,22,71,2265494,1533137,732357,7.19,70.34,73,116
Bengaluru,Tax,North,2024,Q3,251,65,75,6651654,4237411,2414243,6.55,93.75,72,41
Chennai,HR,East,2022,Q2,184,87,8,2429423,1873193,556230,8.91,66.15,20,111
Chennai,Audit,South,2022,Q1,77,139,58,669065,371437,297628,9.41,85.57,24,39
Chennai,Audit,South,2024,Q4,302,15,43,2798895,1988942,809953,6.85,97.95,78,135
Chennai,Tax,East,2022,Q2,248,153,40,4554629,2958450,1596179,8.96,82.22,53,19
Kolkata,Finance,East,2024,Q1,271,67,78,708808,488419,220389,7.31,77.57,77,42
Hyderabad,Tax,North,2022,Q1,327,53,31,7754700,6822062,932638,8.58,67.85,56,172
Kolkata,Technology,North,2022,Q4,169,115,44,6711857,4485225,2226632,7.03,75.93,77,168
Chennai,HR,West,2024,Q2,426,153,67,5076730,3680301,1396429,9.86,73.02,64,138
Mumbai,Consulting,East,2022,Q4,105,13,25,4861564,3946870,914694,7.08,79.88,19,24
Chennai,Risk Advisory,North,2025,Q2,423,150,58,3850457,2130228,1720229,6.91,98.86,39,148
Pune,Technology,South,2023,Q2,188,143,31,7234489,5533660,1700829,9,82.66,37,135
Kolkata,Audit,South,2023,Q2,308,131,6,3164960,2201881,963079,7.03,67.28,5,94
Bengaluru,Audit,West,2025,Q3,88,25,84,4431691,3359483,1072208,6.73,86.64,33,103
Ahmedabad,Audit,South,2024,Q4,339,88,52,5738693,4696810,1041883,9.77,84.08,30,34
Delhi,Consulting,North,2024,Q2,174,154,18,1562870,1295477,267393,8.56,91.05,47,162
Hyderabad,HR,East,2023,Q2,41,69,32,1266200,1108357,157843,8.65,69.87,65,15
Pune,Consulting,West,2023,Q4,257,180,65,3243824,2127609,1116215,9.16,73.19,55,111
Chennai,Finance,East,2024,Q3,307,91,72,1155986,993165,162821,9.45,97.48,40,51
Chennai,Technology,East,2025,Q3,390,40,76,4152512,3231618,920894,7.12,94.45,64,103
Chennai,Audit,North,2025,Q3,131,12,30,4208440,2846365,1362075,7.18,84.93,47,39
Pune,Tax,West,2024,Q1,371,80,87,4515919,3113287,1402632,9.99,88.94,40,175
Ahmedabad,Technology,West,2025,Q4,291,54,65,6790919,5814574,976345,9.13,92.45,9,109
Ahmedabad,Technology,North,2023,Q2,82,117,20,970164,684142,286022,8.99,75.68,74,86
Bengaluru,Finance,West,2024,Q3,403,53,80,6557711,5774099,783612,8.31,96.98,56,121
Ahmedabad,Consulting,North,2023,Q3,82,54,61,873363,564571,308792,7.2,82.19,27,177
Ahmedabad,Tax,South,2024,Q1,214,129,77,7513762,5963689,1550073,8.48,80.74,19,38
Delhi,Finance,West,2023,Q3,342,170,7,6931735,4223281,2708454,6.54,86.69,63,35
Bengaluru,Tax,North,2023,Q3,67,107,41,1993206,1290874,702332,8.48,79.08,29,84
Bengaluru,Audit,South,2024,Q4,175,33,67,3479240,2618279,860961,7.72,86.82,62,176
Delhi,Consulting,East,2023,Q2,399,121,49,5919107,4935457,983650,9.29,72.05,69,156
Hyderabad,Consulting,North,2024,Q2,279,76,9,1467191,1072458,394733,8.71,81.16,64,165
Pune,Tax,East,2022,Q3,399,36,85,3510538,2998930,511608,6.53,79.33,47,101
Mumbai,Audit,South,2024,Q2,279,149,28,6808612,3796567,3012045,9.33,80.52,78,126
Chennai,Risk Advisory,North,2024,Q3,347,96,66,6192138,4275074,1917064,6.64,96.59,34,144
Mumbai,Risk Advisory,East,2024,Q4,343,17,25,4796681,2917507,1879174,7.55,85.29,72,65
Delhi,Audit,South,2022,Q1,198,46,49,4347967,2994000,1353967,8.11,87.39,30,59
Hyderabad,Tax,West,2023,Q2,144,121,16,6574479,4179109,2395370,8.9,93.75,52,16
Kolkata,Audit,South,2022,Q4,321,110,32,4461989,3497989,964000,9.41,89.01,17,114
Delhi,Tax,North,2025,Q3,184,118,81,3803856,2803214,1000642,7.71,87.78,80,21
Bengaluru,Technology,North,2023,Q3,225,97,69,7405822,4077327,3328495,8.6,78.54,14,180
Bengaluru,Audit,East,2023,Q1,148,87,60,1278885,855389,423496,8.79,79.47,41,94
Chennai,Finance,East,2022,Q3,255,55,25,3840479,3029442,811037,9.42,80.81,15,103
Mumbai,Finance,East,2022,Q2,203,42,78,4752776,3252783,1499993,8.09,81.53,56,123
Ahmedabad,Tax,East,2024,Q1,349,125,69,3627485,2986694,640791,8.99,93.7,51,43
Delhi,Risk Advisory,East,2022,Q2,43,96,80,2662889,1648766,1014123,9.34,89.74,63,126
Ahmedabad,Risk Advisory,South,2022,Q1,290,127,51,920047,792351,127696,8.9,73.58,48,90
Ahmedabad,Technology,South,2023,Q3,222,116,7,4247779,2818917,1428862,8.73,85.26,50,24
Chennai,Audit,North,2022,Q1,104,47,86,4639361,3251659,1387702,7.46,98.04,36,149
Kolkata,Consulting,West,2024,Q3,59,47,82,6571760,5081515,1490245,9.59,77.99,15,101
Hyderabad,Risk Advisory,East,2022,Q2,422,75,88,6730092,5781309,948783,9.43,79.74,19,64
Hyderabad,Tax,North,2022,Q3,333,131,32,6881373,6037836,843537,7.46,88.42,28,85
Ahmedabad,Technology,East,2023,Q3,179,11,57,2237585,1245331,992254,7.95,69.41,39,133
Pune,Consulting,North,2023,Q1,403,93,33,1034542,790374,244168,9.05,85.72,63,165
Chennai,Finance,South,2025,Q4,325,13,48,3357126,2221997,1135129,9.38,70.16,68,68
Delhi,Finance,East,2024,Q4,56,179,78,1159416,893891,265525,8.46,76.74,31,150
Pune,Tax,South,2024,Q4,385,129,8,1807788,1389650,418138,7.08,76.96,60,121
Ahmedabad,HR,South,2025,Q2,232,147,21,3674491,2801772,872719,9.47,68.3,32,69
Mumbai,Technology,South,2023,Q2,432,112,75,3926882,2643610,1283272,7.26,95.62,40,96
Pune,Finance,West,2024,Q4,155,113,68,6848734,4878831,1969903,9.39,80.28,27,117
Hyderabad,Consulting,South,2025,Q2,389,35,54,5366716,4178452,1188264,9.91,78.95,8,173
Bengaluru,Audit,West,2025,Q1,206,166,36,1896358,1420859,475499,8.15,68.09,52,20
Chennai,Technology,North,2023,Q4,228,71,27,4460839,3916613,544226,9.72,75.97,42,31
Ahmedabad,Audit,East,2025,Q2,390,164,61,2529067,2096251,432816,9.9,82.01,19,169
Pune,HR,North,2023,Q4,409,27,5,6779783,3805579,2974204,8.87,94.48,65,113
Mumbai,HR,East,2024,Q1,406,165,87,4980949,3985593,995356,8.03,93.14,12,89
Chennai,HR,West,2024,Q4,406,140,85,5949489,4188535,1760954,9.26,68.52,38,163
Mumbai,Finance,North,2024,Q4,376,96,23,2539007,2103424,435583,7.24,68.3,14,132
Kolkata,HR,North,2024,Q3,191,123,47,7104971,5027702,2077269,7.4,74.36,9,50
Delhi,Technology,South,2022,Q2,229,154,51,6487814,4229577,2258237,9.81,70.38,44,136
Kolkata,Finance,South,2023,Q2,115,165,42,7707052,5275317,2431735,8.73,65.95,32,164
Hyderabad,Audit,West,2024,Q3,409,140,71,3904471,2799275,1105196,9.65,98.06,24,165
Pune,Technology,South,2025,Q4,371,53,72,4543749,2777982,1765767,9.64,65.48,13,102
Bengaluru,Tax,North,2023,Q2,182,165,20,5952567,3684220,2268347,8.25,84.36,6,149
Bengaluru,Finance,North,2024,Q1,244,170,17,3264172,2374997,889175,7.45,97.7,73,35
Ahmedabad,Risk Advisory,North,2023,Q3,448,56,88,7693421,4891326,2802095,8.91,80.51,10,170
Hyderabad,Technology,South,2022,Q2,415,26,21,4883531,3203431,1680100,7.23,73.29,79,137
Kolkata,Consulting,West,2024,Q1,140,132,19,4206909,2436579,1770330,7.19,83.44,32,168
Kolkata,Tax,West,2025,Q1,408,123,87,2134090,1613645,520445,8.72,90.69,5,79
Chennai,Technology,South,2025,Q2,208,139,66,4813424,3125425,1687999,8.76,73.98,73,78
Pune,Tax,South,2025,Q1,427,56,67,554670,367037,187633,9.91,81,25,60
Mumbai,HR,East,2024,Q1,266,97,86,6262629,4624992,1637637,7.14,91.48,34,69
Hyderabad,Technology,South,2024,Q4,92,86,83,2264056,1697709,566347,7.04,70.32,55,58
Delhi,Technology,North,2024,Q4,374,162,58,7041058,5662868,1378190,7.3,73.94,43,109
Delhi,Tax,South,2024,Q3,270,88,59,5225188,3593569,1631619,7.96,90.92,56,29
Chennai,Tax,North,2025,Q3,49,61,31,6053716,4848030,1205686,7.53,77.7,46,124
Chennai,Tax,North,2023,Q4,180,37,14,2539587,1539361,1000226,9.03,97.01,80,135
Ahmedabad,HR,East,2025,Q2,183,165,80,3645887,2080929,1564958,6.7,76.65,73,109
Kolkata,Tax,West,2025,Q2,423,28,46,7003208,5647086,1356122,9.39,94.71,80,91
Bengaluru,Technology,West,2025,Q2,207,156,74,6898722,5389569,1509153,8.45,92.79,7,50
Mumbai,HR,South,2024,Q4,422,64,28,3194984,2280944,914040,8.11,76.32,38,80
Ahmedabad,Audit,West,2025,Q4,242,134,11,7476590,5494838,1981752,9.7,82.42,7,159
Chennai,Consulting,South,2025,Q3,334,95,86,1062955,857859,205096,8.48,98.12,19,151
Delhi,HR,West,2025,Q2,424,28,60,7359832,4761095,2598737,8.08,94.94,24,99
Mumbai,Audit,South,2025,Q4,50,112,78,2964688,1637171,1327517,9.4,65.64,33,97
Chennai,Audit,South,2023,Q3,312,127,88,6081795,3771418,2310377,9.38,96.46,78,54
Bengaluru,HR,North,2023,Q3,132,35,8,4974668,3784093,1190575,9.46,91.5,74,104
Mumbai,Tax,South,2023,Q2,143,87,25,4059149,3640452,418697,7.32,96.28,50,21
Delhi,Risk Advisory,West,2025,Q1,267,63,53,912839,644815,268024,7.9,71.99,53,166
Mumbai,Consulting,North,2022,Q2,427,63,20,4602938,3724811,878127,7.75,98.84,58,63
Bengaluru,Consulting,South,2025,Q3,300,38,63,635437,351104,284333,9.31,78.61,17,105
Pune,Tax,West,2025,Q3,157,31,88,5898756,4916962,981794,9.57,65.54,40,180
Pune,Consulting,North,2023,Q2,329,12,21,4850516,2932211,1918305,8.93,90.92,12,167
Bengaluru,HR,South,2024,Q4,120,117,27,1964965,1724653,240312,9.88,90.23,28,108
Mumbai,HR,North,2022,Q4,144,88,56,5745501,3910470,1835031,9.44,86.15,8,21
Pune,Consulting,East,2022,Q2,248,21,74,3662813,2992063,670750,9.03,70.77,17,18
Pune,Audit,West,2025,Q1,97,131,64,3981916,3383231,598685,8.38,69.57,5,94
Kolkata,Risk Advisory,South,2023,Q3,376,148,51,5647330,4427231,1220099,6.84,81.76,78,65
Delhi,Audit,North,2023,Q2,377,31,17,6516880,4505402,2011478,9.6,68.58,33,79
Delhi,Finance,South,2024,Q4,382,161,71,4836108,3636794,1199314,9.59,90.84,21,98
Chennai,Tax,North,2022,Q4,363,22,30,2028173,1125661,902512,8.72,93.4,35,56
Chennai,Tax,West,2025,Q4,216,58,85,7794111,6515458,1278653,8.52,80.37,32,131
